industry,subscription_type,country,usage_frequency,login_activity,support_tickets,monthly_spend,payment_history,churn
Education,Pro,UK,39.0,52.0,3,486,On_time,0
Technology,Pro,Sri lanka,23.0,75.0,2,150,Late,0
Healthcare,Basic,UK,22.0,53.0,3,296,Failed,0
Retail,Basic,Australia,33.0,76.0,1,364,On_time,0
Retail,Basic,Germany,27.0,59.0,1,207,Failed,1
Travel,Basic,Australia,16.0,15.0,2,74,On_time,0
Retail,Basic,Australia,3.0,101.0,1,186,Late,1
Technology,Enterprise,UK,18.0,4.0,3,405,On_time,0
Finance,Basic,USA,20.0,92.0,1,283,On_time,0
Healthcare,Enterprise,India,35.0,78.0,1,407,Late,0
Healthcare,Basic,USA,2.0,6.0,1,496,Failed,1
Healthcare,Enterprise,UK,18.0,90.0,3,290,Late,0
Retail,Pro,Sri lanka,,78.0,1,315,On_time,0
Retail,Enterprise,Australia,21.0,80.0,5,176,Failed,1
Retail,Pro,Australia,,45.0,0,346,Failed,0
Finance,Enterprise,UK,9.0,88.0,1,82,Failed,0
Healthcare,Enterprise,Germany,11.0,115.0,3,250,Failed,0
Technology,Basic,India,28.0,7.0,2,426,Late,1
Technology,Basic,Australia,24.0,37.0,4,481,Late,0
Retail,Pro,Sri lanka,3.0,1.0,2,302,Failed,1
Travel,Basic,USA,9.0,79.0,1,480,On_time,0
Healthcare,Basic,Sri lanka,32.0,103.0,3,250,Late,0
Healthcare,Pro,USA,15.0,43.0,2,262,On_time,0
Healthcare,Pro,USA,22.0,,5,305,Failed,1
Retail,Basic,USA,11.0,119.0,2,396,On_time,0
Technology,Enterprise,UK,27.0,62.0,0,480,Failed,0
Healthcare,Basic,Germany,3.0,103.0,1,337,Late,1
Retail,Basic,UK,37.0,97.0,0,191,Failed,0
Technology,Pro,USA,24.0,79.0,1,491,Late,0
Education,Enterprise,Australia,12.0,39.0,2,100,Failed,0
Finance,Pro,USA,2.0,2.0,1,243,Failed,1
Healthcare,Basic,Germany,33.0,1.0,1,191,On_time,1
Retail,Enterprise,Germany,26.0,32.0,2,203,On_time,0
Retail,Basic,Australia,17.0,38.0,3,259,Failed,0
Education,Basic,Germany,16.0,97.0,1,483,Failed,0
Technology,Pro,India,29.0,3.0,2,470,Late,0
Technology,Enterprise,India,19.0,20.0,1,436,On_time,0
Finance,Basic,UK,40.0,39.0,1,495,Late,0
Retail,Basic,India,25.0,50.0,4,79,On_time,0
Education,Basic,India,2.0,1.0,0,159,On_time,0
Technology,Basic,USA,5.0,37.0,2,166,On_time,0
Finance,Basic,Germany,16.0,3.0,6,273,Failed,1
Retail,Basic,Germany,35.0,112.0,0,118,Late,0
Retail,Basic,Germany,25.0,93.0,1,213,On_time,0
Finance,Enterprise,UK,35.0,80.0,2,417,On_time,0
Finance,Enterprise,Sri lanka,21.0,48.0,5,390,Late,0
Retail,Basic,Sri lanka,22.0,119.0,3,283,Failed,0
Healthcare,Enterprise,Australia,27.0,27.0,3,472,Failed,1
Travel,Enterprise,Australia,19.0,4.0,0,68,On_time,1
Retail,Basic,Australia,17.0,44.0,4,299,Late,0
Travel,Basic,India,,113.0,3,272,Late,0
Technology,Basic,USA,21.0,32.0,2,300,Late,0
Education,Basic,UK,31.0,54.0,2,307,Failed,0
Travel,Enterprise,Australia,22.0,23.0,1,405,On_time,0
Retail,Basic,USA,26.0,17.0,1,265,Late,0
Retail,Enterprise,USA,39.0,93.0,1,325,Late,0
Finance,Pro,Australia,25.0,24.0,4,419,On_time,0
Technology,Enterprise,UK,14.0,76.0,1,373,Failed,0
Technology,Basic,India,2.0,32.0,1,172,Failed,1
Travel,Basic,India,22.0,58.0,2,290,Failed,0
Retail,Enterprise,India,37.0,97.0,3,281,On_time,0
Healthcare,Pro,Australia,32.0,116.0,2,163,Late,0
Travel,Enterprise,USA,13.0,114.0,2,338,Late,0
Education,Enterprise,Germany,19.0,92.0,2,337,Failed,0
Healthcare,Basic,Germany,23.0,9.0,1,141,On_time,0
Education,Pro,UK,1.0,111.0,2,256,Late,1
Technology,Enterprise,Sri lanka,1.0,16.0,3,470,Failed,1
Retail,Basic,USA,12.0,26.0,2,481,Failed,0
Healthcare,Enterprise,USA,28.0,69.0,0,113,Failed,0
Finance,Basic,Australia,5.0,76.0,0,493,Late,0
Retail,Enterprise,UK,21.0,39.0,2,269,Late,0
Travel,Enterprise,India,10.0,118.0,1,242,Late,0
Healthcare,Basic,Sri lanka,10.0,19.0,3,299,On_time,0
Finance,Enterprise,Australia,16.0,119.0,6,464,On_time,0
Travel,Basic,USA,37.0,12.0,3,416,Failed,0
Technology,Basic,UK,12.0,95.0,1,261,Late,0
Travel,Enterprise,India,35.0,87.0,0,283,Failed,0
Finance,Basic,Germany,29.0,26.0,2,410,Late,0
Retail,Pro,Germany,4.0,58.0,5,413,Late,0
Finance,Enterprise,Sri lanka,37.0,73.0,3,115,Late,0
Travel,Pro,Sri lanka,24.0,23.0,5,292,Late,0
Travel,Basic,Germany,20.0,112.0,1,38,Failed,0
Finance,Basic,Germany,36.0,12.0,5,386,On_time,0
Technology,Basic,India,16.0,117.0,0,415,On_time,0
Finance,Enterprise,Germany,25.0,52.0,4,61,On_time,0
Healthcare,Basic,Sri lanka,39.0,14.0,3,165,Late,0
Technology,Basic,Australia,12.0,9.0,2,26,Late,1
Technology,Enterprise,UK,13.0,40.0,0,453,Late,0
Healthcare,Enterprise,Australia,27.0,66.0,0,184,Late,0
Technology,Pro,India,38.0,83.0,3,346,Failed,0
Education,Pro,Australia,25.0,45.0,2,464,Late,0
Retail,Pro,Sri lanka,39.0,91.0,1,145,Late,0
Education,Basic,Germany,3.0,45.0,0,239,Late,0
Retail,Pro,India,20.0,92.0,4,210,Failed,0
Healthcare,Enterprise,Australia,25.0,56.0,4,322,Failed,1
Healthcare,Basic,Germany,21.0,80.0,2,246,On_time,0
Finance,Basic,UK,19.0,20.0,0,66,On_time,0
Travel,Enterprise,USA,14.0,15.0,4,31,Failed,1
Healthcare,Enterprise,UK,10.0,96.0,0,377,Late,0
Retail,Enterprise,USA,12.0,24.0,2,109,Late,0
Travel,Enterprise,Australia,8.0,58.0,1,376,On_time,0
Education,Pro,India,36.0,64.0,1,220,Late,0
Healthcare,Enterprise,Sri lanka,33.0,117.0,2,65,Late,0
Healthcare,Pro,USA,35.0,6.0,6,138,Failed,1
Healthcare,Basic,Australia,33.0,118.0,2,360,On_time,0
Technology,Pro,USA,26.0,63.0,3,124,Failed,1
Travel,Pro,Australia,35.0,1.0,0,330,Failed,1
Healthcare,Enterprise,Australia,6.0,92.0,7,97,Failed,0
Healthcare,Basic,Sri lanka,9.0,110.0,1,279,Failed,0
Healthcare,Enterprise,USA,1.0,113.0,1,114,Failed,1
Healthcare,Pro,Germany,8.0,39.0,4,73,On_time,0
Finance,Pro,Australia,5.0,94.0,2,322,Late,0
Technology,Enterprise,Sri lanka,23.0,79.0,6,357,Late,1
Retail,Pro,USA,30.0,79.0,3,491,On_time,0
Education,Basic,India,15.0,30.0,3,203,Late,0
Education,Pro,USA,17.0,74.0,1,88,On_time,0
Education,Enterprise,India,34.0,6.0,2,259,On_time,1
Technology,Basic,UK,11.0,115.0,3,419,Late,0
Travel,Enterprise,India,8.0,4.0,1,214,Late,0
Education,Enterprise,Sri lanka,32.0,67.0,3,296,On_time,0
Retail,Enterprise,Australia,5.0,82.0,1,424,On_time,0
Finance,Basic,Australia,6.0,1.0,3,237,Failed,1
Healthcare,Pro,India,27.0,,0,66,Late,0
Travel,Enterprise,UK,22.0,111.0,1,67,Late,0
Healthcare,Enterprise,Germany,17.0,26.0,1,374,Failed,0
Retail,Pro,India,15.0,47.0,2,490,Late,0
Education,Enterprise,UK,,88.0,1,206,Failed,0
Healthcare,Enterprise,Australia,7.0,3.0,3,313,On_time,0
Finance,Pro,Germany,35.0,115.0,1,47,Failed,1
Technology,Enterprise,USA,10.0,39.0,1,493,Failed,0
Healthcare,Basic,Australia,25.0,17.0,2,252,Late,0
Education,Enterprise,UK,18.0,111.0,4,61,Late,0
Travel,Pro,Australia,37.0,6.0,2,334,Failed,1
Healthcare,Pro,India,6.0,101.0,1,296,On_time,0
Education,Pro,Germany,6.0,70.0,1,350,On_time,0
Retail,Enterprise,Australia,30.0,95.0,0,156,On_time,0
Travel,Enterprise,Sri lanka,3.0,115.0,0,248,Late,0
Healthcare,Enterprise,Sri lanka,36.0,24.0,0,341,Failed,0
Healthcare,Enterprise,India,20.0,92.0,1,137,Late,0
Education,Enterprise,Sri lanka,30.0,102.0,4,319,Late,0
Education,Enterprise,Australia,5.0,70.0,3,159,Late,0
Retail,Enterprise,Sri lanka,1.0,90.0,1,401,Late,0
Finance,Enterprise,Australia,11.0,100.0,2,29,Late,0
Finance,Pro,Australia,5.0,23.0,1,187,Late,0
Retail,Pro,Australia,2.0,84.0,2,478,Failed,0
Healthcare,Pro,Germany,15.0,24.0,2,88,Failed,0
Retail,Pro,UK,14.0,117.0,2,54,Failed,0
Finance,Pro,Australia,1.0,,1,368,Late,1
Education,Pro,Australia,8.0,11.0,2,232,Late,0
Technology,Basic,UK,37.0,5.0,3,61,Late,0
Education,Basic,Australia,25.0,18.0,2,198,On_time,0
Travel,Enterprise,Sri lanka,38.0,97.0,2,244,Failed,0
Finance,Pro,Germany,2.0,78.0,0,123,Failed,1
Technology,Enterprise,Sri lanka,39.0,51.0,2,61,Late,0
Retail,Basic,India,15.0,111.0,4,116,Failed,0
Technology,Basic,UK,37.0,27.0,1,105,Late,0
Finance,Pro,Sri lanka,2.0,10.0,2,416,Failed,1
Finance,Pro,Sri lanka,31.0,47.0,1,203,Late,0
Education,Pro,India,15.0,29.0,2,192,Late,0
Finance,Basic,Australia,2.0,27.0,3,88,Late,0
Healthcare,Pro,UK,20.0,11.0,2,42,On_time,0
Travel,Pro,Sri lanka,26.0,46.0,2,229,Late,0
Travel,Basic,UK,25.0,97.0,0,335,Late,0
Travel,Pro,Germany,12.0,108.0,4,111,Failed,0
Travel,Enterprise,USA,31.0,9.0,4,321,Failed,1
Healthcare,Enterprise,UK,37.0,21.0,1,490,Late,0
Education,Pro,Australia,1.0,63.0,1,418,Late,1
Education,Basic,India,21.0,47.0,0,156,Late,0
Travel,Enterprise,USA,10.0,52.0,2,263,On_time,0
Technology,Enterprise,Australia,25.0,90.0,2,437,On_time,0
Technology,Enterprise,USA,27.0,17.0,1,270,On_time,0
Education,Enterprise,USA,24.0,25.0,3,82,Late,0
Healthcare,Basic,Sri lanka,22.0,26.0,0,488,On_time,0
Retail,Enterprise,Germany,7.0,81.0,2,495,Failed,0
Finance,Enterprise,Australia,40.0,49.0,1,497,On_time,0
Retail,Pro,Germany,23.0,51.0,2,304,Failed,0
Education,Pro,India,29.0,30.0,3,213,Late,0
Healthcare,Enterprise,India,28.0,113.0,2,404,Failed,0
Healthcare,Pro,India,8.0,29.0,0,150,Failed,0
Education,Basic,Australia,32.0,10.0,2,106,Failed,0
Healthcare,Pro,Germany,28.0,32.0,2,266,On_time,0
Healthcare,Enterprise,India,3.0,88.0,1,347,Failed,1
Retail,Basic,India,37.0,67.0,7,184,Late,0
Finance,Pro,Sri lanka,21.0,14.0,2,282,On_time,0
Travel,Basic,Germany,33.0,23.0,1,422,On_time,0
Healthcare,Pro,Australia,36.0,29.0,3,253,On_time,0
Healthcare,Basic,Australia,2.0,67.0,2,441,Late,0
Education,Basic,Sri lanka,30.0,9.0,1,361,On_time,0
Finance,Enterprise,India,24.0,81.0,4,134,On_time,0
Healthcare,Enterprise,UK,17.0,14.0,3,297,On_time,0
Education,Enterprise,UK,4.0,26.0,1,234,Failed,0
Finance,Pro,Australia,,75.0,4,184,Late,0
Healthcare,Enterprise,Australia,25.0,102.0,2,488,Failed,0
Finance,Enterprise,Australia,27.0,57.0,2,256,Late,0
Retail,Enterprise,Sri lanka,7.0,10.0,3,83,On_time,0
Retail,Pro,Germany,2.0,54.0,1,311,Late,1
Technology,Pro,UK,26.0,29.0,1,183,On_time,0
Retail,Pro,Australia,39.0,104.0,4,308,On_time,0
Finance,Basic,USA,36.0,111.0,2,465,Failed,1
Technology,Enterprise,Sri lanka,34.0,73.0,1,220,Late,0
Travel,Enterprise,USA,40.0,17.0,3,310,On_time,0
Healthcare,Pro,Sri lanka,3.0,114.0,3,294,On_time,1
Technology,Basic,Sri lanka,37.0,44.0,5,99,Failed,1
Finance,Pro,USA,,83.0,5,108,Late,0
Technology,Enterprise,Australia,12.0,15.0,1,45,On_time,0
Technology,Basic,Germany,32.0,10.0,4,354,On_time,0
Technology,Basic,UK,7.0,9.0,1,334,Failed,1
Technology,Enterprise,India,23.0,93.0,3,122,Late,0
Healthcare,Enterprise,Sri lanka,17.0,14.0,2,117,On_time,0
Healthcare,Enterprise,USA,3.0,37.0,2,58,Late,0
Technology,Enterprise,India,15.0,113.0,4,127,On_time,0
Education,Basic,India,2.0,55.0,2,288,Late,0
Education,Pro,Australia,13.0,18.0,5,264,On_time,0
Travel,Basic,India,16.0,56.0,1,433,Late,0
Technology,Basic,India,25.0,103.0,2,448,Failed,1
Travel,Basic,Australia,14.0,30.0,3,456,Late,0
Healthcare,Enterprise,Australia,15.0,73.0,0,396,Failed,1
Technology,Enterprise,UK,24.0,68.0,3,217,Late,0
Travel,Pro,UK,39.0,56.0,5,91,Late,0
Education,Enterprise,Sri lanka,20.0,93.0,3,245,Late,0
Education,Pro,USA,26.0,41.0,2,280,On_time,0
Education,Basic,Germany,23.0,49.0,3,438,Late,0
Retail,Pro,Germany,18.0,62.0,5,87,Late,0
Healthcare,Enterprise,Sri lanka,14.0,101.0,0,124,Failed,0
Finance,Enterprise,Australia,3.0,92.0,1,245,Failed,1
Retail,Pro,USA,12.0,42.0,3,491,Late,0
Healthcare,Pro,Germany,15.0,38.0,2,473,Late,0
Finance,Pro,Germany,37.0,60.0,0,303,On_time,0
Retail,Basic,UK,5.0,77.0,3,205,On_time,0
Travel,Basic,Australia,3.0,56.0,4,355,Failed,1
Healthcare,Pro,India,40.0,92.0,6,441,On_time,0
Healthcare,Pro,Germany,7.0,5.0,2,42,Late,1
Healthcare,Enterprise,Australia,10.0,,2,375,Late,0
Finance,Pro,USA,2.0,78.0,2,32,Late,0
Technology,Enterprise,Australia,27.0,113.0,1,373,On_time,0
Travel,Enterprise,USA,24.0,109.0,1,433,On_time,0
Education,Basic,India,7.0,74.0,3,56,On_time,0
Travel,Enterprise,UK,29.0,22.0,2,238,Late,0
Technology,Pro,Sri lanka,17.0,12.0,0,413,Late,0
Technology,Enterprise,Germany,1.0,22.0,1,325,Failed,1
Finance,Enterprise,UK,14.0,64.0,3,479,Failed,1
Retail,Basic,USA,7.0,29.0,0,153,Failed,0
Retail,Enterprise,India,15.0,32.0,3,304,Failed,1
Finance,Pro,UK,4.0,81.0,0,58,Failed,1
Education,Enterprise,Sri lanka,15.0,119.0,4,478,Late,0
Education,Pro,India,27.0,67.0,2,40,Failed,0
Healthcare,Pro,India,16.0,101.0,2,406,Failed,1
Retail,Basic,UK,1.0,58.0,2,339,Failed,1
Technology,Basic,India,25.0,24.0,4,164,Failed,1
Finance,Pro,Australia,29.0,53.0,1,69,Late,0
Finance,Basic,Australia,7.0,3.0,4,34,On_time,1
Healthcare,Enterprise,India,25.0,94.0,0,292,Late,0
Technology,Basic,UK,20.0,100.0,1,463,On_time,0
Travel,Basic,Germany,22.0,118.0,2,83,Late,0
Travel,Basic,India,13.0,81.0,0,293,Late,0
Healthcare,Pro,India,30.0,64.0,5,444,Failed,0
Retail,Pro,USA,8.0,11.0,1,420,Late,0
Travel,Enterprise,Germany,12.0,46.0,1,105,Failed,0
Finance,Basic,UK,28.0,20.0,3,244,On_time,0
Education,Pro,UK,33.0,105.0,1,135,Failed,0
Travel,Basic,USA,26.0,22.0,2,141,Late,0
Retail,Enterprise,Germany,15.0,98.0,0,447,On_time,0
Education,Enterprise,USA,40.0,75.0,0,142,Late,0
Healthcare,Pro,USA,6.0,9.0,1,435,Failed,1
Travel,Pro,UK,12.0,8.0,5,227,Late,0
Finance,Pro,USA,4.0,6.0,3,381,Late,1
Technology,Pro,Sri lanka,14.0,75.0,3,262,Late,0
Retail,Enterprise,Germany,19.0,55.0,3,307,On_time,0
Retail,Basic,India,18.0,70.0,4,221,Late,0
Travel,Enterprise,USA,35.0,61.0,0,466,On_time,0
Travel,Enterprise,Australia,15.0,97.0,3,43,Failed,0
Travel,Enterprise,Australia,20.0,37.0,1,39,On_time,0
Technology,Enterprise,India,24.0,50.0,4,85,Failed,0
Finance,Pro,USA,15.0,34.0,4,150,Late,0
Technology,Enterprise,UK,18.0,40.0,3,497,On_time,0
Retail,Pro,USA,23.0,42.0,2,344,On_time,0
Finance,Enterprise,USA,38.0,109.0,1,400,On_time,0
Healthcare,Enterprise,India,14.0,103.0,2,398,Late,0
Finance,Basic,UK,25.0,28.0,2,443,Late,0
Retail,Pro,India,12.0,56.0,1,306,Late,0
Technology,Basic,Germany,11.0,10.0,0,289,On_time,0
Technology,Pro,UK,16.0,74.0,2,152,Failed,0
Technology,Enterprise,Sri lanka,20.0,8.0,2,487,On_time,1
Healthcare,Pro,USA,28.0,107.0,5,226,Failed,1
Education,Basic,Sri lanka,6.0,108.0,1,353,Late,0
Healthcare,Pro,India,2.0,73.0,2,138,Failed,0
Travel,Pro,USA,35.0,70.0,1,180,Failed,0
Education,Pro,India,14.0,12.0,3,236,Late,0
Retail,Enterprise,Germany,29.0,57.0,2,426,Failed,0
Education,Pro,Sri lanka,38.0,84.0,0,145,On_time,0
Healthcare,Pro,Germany,16.0,50.0,2,148,Late,0
Healthcare,Pro,India,8.0,29.0,2,309,Failed,0
Retail,Enterprise,UK,1.0,55.0,2,485,On_time,0
Retail,Pro,India,17.0,26.0,2,347,Late,0
Finance,Pro,USA,25.0,46.0,6,469,Failed,0
Retail,Enterprise,UK,6.0,63.0,5,343,Failed,1
Education,Basic,India,34.0,102.0,3,298,Failed,0
Technology,Basic,USA,19.0,109.0,1,329,Failed,0
Finance,Pro,USA,7.0,,2,162,Failed,0
Education,Basic,Germany,21.0,19.0,2,310,Late,0
Technology,Basic,Germany,38.0,90.0,1,481,On_time,0
Retail,Basic,UK,10.0,66.0,3,473,On_time,0
Technology,Basic,Germany,28.0,117.0,1,152,Late,0
Travel,Pro,India,34.0,48.0,4,383,Late,0
Finance,Basic,Germany,21.0,23.0,2,418,Failed,0
Technology,Pro,Sri lanka,25.0,36.0,1,296,On_time,0
Finance,Basic,UK,13.0,86.0,1,471,Failed,0
Healthcare,Basic,UK,27.0,29.0,2,439,Late,0
Travel,Basic,Australia,30.0,18.0,4,127,Failed,1
Technology,Basic,UK,10.0,39.0,2,445,Late,0
Healthcare,Pro,USA,36.0,84.0,3,381,Late,0
Education,Enterprise,UK,13.0,119.0,4,491,Late,0
Travel,Basic,India,8.0,24.0,1,312,Failed,0
Retail,Pro,UK,4.0,50.0,5,458,Late,1
Healthcare,Pro,Sri lanka,5.0,47.0,2,168,Failed,0
Healthcare,Basic,Australia,17.0,22.0,0,162,Failed,0
Finance,Pro,USA,35.0,92.0,1,476,Failed,0
Finance,Enterprise,India,14.0,77.0,3,104,Failed,0
Travel,Pro,USA,18.0,67.0,3,299,Failed,1
Travel,Pro,India,19.0,68.0,2,55,Failed,0
Travel,Pro,UK,40.0,101.0,2,398,On_time,0
Finance,Pro,USA,6.0,41.0,4,179,Late,0
Retail,Basic,Australia,21.0,8.0,3,278,On_time,0
Travel,Basic,India,22.0,70.0,0,191,On_time,0
Retail,Enterprise,UK,2.0,102.0,3,319,Failed,0
Finance,Enterprise,India,,69.0,1,330,Late,0
Healthcare,Basic,USA,16.0,106.0,0,140,On_time,0
Healthcare,Basic,UK,16.0,12.0,4,367,Failed,0
Healthcare,Pro,Germany,40.0,118.0,6,250,Failed,1
Education,Pro,UK,32.0,33.0,2,161,On_time,0
Education,Pro,Germany,36.0,97.0,1,380,Late,0
Technology,Basic,Australia,21.0,2.0,3,426,On_time,0
Travel,Enterprise,USA,26.0,68.0,2,162,On_time,0
Healthcare,Pro,Sri lanka,22.0,60.0,3,101,On_time,0
Education,Enterprise,UK,35.0,30.0,5,424,Failed,1
Healthcare,Pro,UK,35.0,66.0,1,225,Failed,1
Technology,Pro,Sri lanka,20.0,82.0,2,329,Failed,0
Travel,Enterprise,India,33.0,36.0,1,355,On_time,0
Retail,Enterprise,USA,3.0,99.0,1,136,Failed,1
Healthcare,Enterprise,USA,34.0,8.0,2,192,Failed,1
Healthcare,Pro,Australia,12.0,32.0,0,111,On_time,0
Retail,Basic,UK,13.0,31.0,2,409,On_time,0
Retail,Basic,Australia,32.0,93.0,0,149,Failed,0
Retail,Basic,India,23.0,83.0,2,364,Late,0
Travel,Basic,USA,2.0,,3,412,On_time,1
Healthcare,Basic,Germany,35.0,21.0,0,209,Late,0
Finance,Basic,Australia,7.0,80.0,3,120,Failed,0
Finance,Pro,Australia,39.0,52.0,1,441,On_time,0
Finance,Basic,Australia,39.0,50.0,0,135,Failed,0
Technology,Basic,Sri lanka,35.0,7.0,2,105,Late,1
Retail,Basic,UK,5.0,55.0,2,98,Failed,0
Finance,Basic,Australia,21.0,10.0,1,408,Failed,0
Education,Enterprise,USA,1.0,13.0,0,261,Failed,1
Education,Enterprise,Sri lanka,21.0,53.0,3,207,Late,0
Travel,Basic,Australia,11.0,63.0,1,136,Failed,0
Finance,Basic,Sri lanka,26.0,68.0,3,240,On_time,0
Education,Enterprise,UK,29.0,38.0,2,211,Late,0
Healthcare,Enterprise,India,17.0,9.0,2,116,Late,0
Finance,Enterprise,Sri lanka,10.0,114.0,0,463,On_time,0
Travel,Basic,UK,40.0,21.0,3,452,Failed,0
Finance,Enterprise,Germany,15.0,17.0,0,363,Late,0
Education,Enterprise,India,19.0,69.0,3,106,Late,0
Retail,Pro,Sri lanka,1.0,109.0,1,36,Late,0
Education,Basic,UK,5.0,20.0,2,158,On_time,0
Travel,Basic,Sri lanka,15.0,83.0,1,461,Failed,0
Finance,Basic,Germany,5.0,5.0,2,57,Late,1
Technology,Basic,Sri lanka,32.0,112.0,4,453,On_time,0
Healthcare,Enterprise,Germany,3.0,49.0,1,124,Failed,1
Education,Enterprise,USA,25.0,119.0,0,389,Late,0
Technology,Pro,India,10.0,21.0,0,366,On_time,0
Retail,Enterprise,Sri lanka,40.0,2.0,5,290,Late,0
Finance,Pro,Sri lanka,,40.0,1,334,Late,0
Technology,Basic,Germany,14.0,89.0,1,487,Late,0
Retail,Enterprise,Australia,21.0,44.0,2,141,On_time,0
Healthcare,Basic,Australia,32.0,94.0,4,168,On_time,0
Finance,Enterprise,India,8.0,46.0,3,105,Late,0
Education,Pro,India,22.0,107.0,2,277,Failed,1
Healthcare,Basic,Germany,29.0,85.0,2,426,On_time,0
Finance,Pro,Australia,24.0,44.0,3,210,Failed,1
Education,Pro,Sri lanka,19.0,23.0,4,381,Late,0
Travel,Pro,UK,16.0,72.0,3,243,Late,0
Technology,Basic,Germany,34.0,107.0,3,85,On_time,0
Technology,Basic,USA,13.0,9.0,1,109,Failed,0
Travel,Basic,Sri lanka,12.0,81.0,0,140,On_time,0
Technology,Enterprise,Sri lanka,34.0,53.0,1,262,Failed,0
Travel,Pro,UK,31.0,119.0,2,130,Late,0
Education,Pro,Germany,4.0,20.0,2,249,On_time,0
Technology,Pro,Sri lanka,21.0,54.0,1,57,On_time,0
Travel,Pro,UK,4.0,60.0,1,138,Late,1
Technology,Enterprise,India,7.0,4.0,2,205,Failed,1
Finance,Pro,UK,4.0,24.0,3,324,On_time,0
Technology,Pro,Australia,19.0,22.0,3,375,Failed,0
Travel,Enterprise,Australia,19.0,48.0,1,132,Late,0
Finance,Basic,USA,33.0,18.0,1,495,Failed,0
Travel,Enterprise,Sri lanka,11.0,57.0,4,494,On_time,0
Technology,Basic,Australia,15.0,70.0,4,80,Failed,1
Retail,Basic,India,10.0,50.0,1,369,Late,0
Education,Pro,Sri lanka,6.0,81.0,2,54,Late,0
Education,Basic,Sri lanka,26.0,115.0,2,424,On_time,0
Healthcare,Pro,UK,10.0,64.0,1,279,On_time,0
Retail,Pro,Australia,39.0,39.0,3,201,On_time,0
Travel,Pro,Sri lanka,31.0,84.0,2,383,Late,0
Finance,Basic,Australia,30.0,86.0,1,239,Failed,1
Retail,Enterprise,Australia,14.0,10.0,2,224,On_time,0
Travel,Enterprise,Germany,6.0,44.0,1,126,Late,0
Travel,Basic,Australia,20.0,82.0,1,215,Failed,0
Education,Pro,Australia,33.0,91.0,2,267,Late,0
Technology,Pro,Sri lanka,11.0,20.0,0,451,On_time,0
Technology,Enterprise,Australia,7.0,21.0,0,395,Failed,0
Retail,Basic,Germany,14.0,57.0,2,106,Late,0
Technology,Pro,USA,26.0,37.0,4,444,On_time,0
Education,Pro,Sri lanka,33.0,50.0,2,105,Late,0
Education,Basic,Germany,33.0,81.0,2,62,Late,0
Travel,Basic,India,39.0,86.0,2,117,Late,0
Retail,Enterprise,Sri lanka,1.0,74.0,2,85,On_time,0
Retail,Basic,USA,10.0,98.0,3,443,On_time,0
Travel,Pro,USA,38.0,60.0,4,296,Late,0
Travel,Pro,Australia,20.0,26.0,2,395,Failed,0
Education,Enterprise,Australia,40.0,85.0,1,289,Late,0
Travel,Pro,Sri lanka,27.0,105.0,3,267,Late,0
Travel,Enterprise,Germany,3.0,72.0,1,246,Late,0
Travel,Enterprise,UK,6.0,39.0,5,93,On_time,0
Travel,Basic,India,8.0,24.0,2,91,On_time,0
Travel,Pro,Australia,9.0,47.0,2,335,Late,0
Travel,Basic,UK,20.0,70.0,4,59,Failed,1
Finance,Pro,UK,38.0,33.0,1,27,On_time,0
Education,Basic,USA,37.0,32.0,1,279,On_time,0
Technology,Basic,Sri lanka,30.0,70.0,2,414,Failed,0
Education,Pro,UK,16.0,1.0,4,121,Failed,0
Technology,Pro,USA,31.0,59.0,1,44,Late,0
Travel,Basic,USA,3.0,97.0,0,423,On_time,0
Travel,Enterprise,Germany,34.0,26.0,0,152,Late,0
Technology,Enterprise,India,35.0,61.0,1,453,On_time,0
Healthcare,Enterprise,Sri lanka,6.0,83.0,5,489,Late,0
Education,Enterprise,India,3.0,76.0,1,296,Failed,1
Retail,Enterprise,Australia,28.0,90.0,0,488,On_time,0
Finance,Enterprise,Australia,35.0,52.0,2,94,Failed,0
Travel,Basic,UK,23.0,48.0,4,308,Late,0
Education,Enterprise,USA,20.0,16.0,0,443,On_time,0
Technology,Enterprise,USA,28.0,47.0,2,475,Late,0
Education,Basic,Sri lanka,23.0,63.0,2,162,On_time,0
Healthcare,Pro,USA,21.0,99.0,4,412,On_time,0
Technology,Enterprise,USA,35.0,77.0,3,462,Failed,0
Healthcare,Pro,USA,27.0,98.0,3,54,Late,0
Retail,Basic,Australia,19.0,30.0,2,443,On_time,0
Retail,Basic,Germany,24.0,14.0,3,454,Late,0
Travel,Enterprise,UK,3.0,42.0,5,140,On_time,1
Retail,Pro,India,19.0,47.0,1,456,Failed,0
Healthcare,Pro,Australia,36.0,40.0,1,180,Late,0
Healthcare,Pro,India,25.0,14.0,2,241,Late,0
Finance,Pro,USA,4.0,68.0,3,139,On_time,0
Technology,Pro,India,16.0,93.0,2,286,On_time,0
Travel,Enterprise,UK,21.0,21.0,0,295,On_time,0
Education,Basic,UK,37.0,67.0,3,54,Failed,1
Finance,Enterprise,UK,17.0,98.0,3,351,Failed,0
Education,Basic,USA,12.0,46.0,4,326,On_time,0
Finance,Enterprise,Germany,38.0,20.0,3,279,On_time,0
Travel,Enterprise,UK,22.0,76.0,4,276,Failed,0
Education,Enterprise,India,8.0,87.0,2,80,Failed,0
Finance,Enterprise,India,12.0,6.0,0,155,On_time,0
Finance,Enterprise,UK,19.0,106.0,3,310,On_time,0
Technology,Enterprise,Germany,20.0,56.0,3,155,On_time,0
Technology,Basic,Australia,20.0,97.0,3,382,Late,0
Retail,Pro,USA,9.0,88.0,0,60,Late,0
Technology,Enterprise,Germany,17.0,88.0,3,211,Late,0
Finance,Pro,Australia,11.0,110.0,1,65,Failed,0
Finance,Enterprise,Australia,1.0,40.0,3,287,Late,0
Technology,Pro,India,33.0,45.0,4,177,Failed,0
Technology,Pro,USA,23.0,49.0,2,497,Failed,1
Education,Enterprise,Australia,33.0,36.0,1,431,Late,0
Technology,Basic,UK,40.0,84.0,2,60,On_time,0
Education,Enterprise,India,39.0,2.0,3,285,Late,0
Retail,Basic,India,14.0,82.0,1,58,Late,0
Retail,Pro,Germany,28.0,3.0,1,21,Failed,1
Healthcare,Basic,UK,29.0,38.0,5,330,Late,0
Technology,Basic,Sri lanka,15.0,90.0,3,427,Late,0
Education,Basic,Sri lanka,38.0,28.0,2,448,Late,0
Technology,Pro,UK,9.0,53.0,2,307,On_time,0
Retail,Enterprise,Sri lanka,3.0,67.0,3,67,Late,0
Technology,Enterprise,India,32.0,57.0,0,399,On_time,0
Healthcare,Enterprise,UK,33.0,24.0,1,440,Failed,1
Travel,Basic,UK,7.0,68.0,0,340,Failed,0
Travel,Enterprise,Germany,1.0,47.0,1,463,Failed,1
Education,Pro,India,18.0,92.0,0,498,On_time,0
Finance,Enterprise,UK,27.0,11.0,2,437,Late,0
Healthcare,Enterprise,Australia,12.0,102.0,2,344,Failed,0
Healthcare,Pro,USA,30.0,88.0,3,382,On_time,0
Technology,Enterprise,Germany,27.0,106.0,1,144,Late,0
Travel,Basic,India,15.0,117.0,2,189,Failed,0
Healthcare,Basic,UK,37.0,35.0,4,450,Late,0
Healthcare,Pro,USA,17.0,109.0,5,328,Failed,1
Travel,Pro,India,23.0,51.0,3,360,Failed,0
Healthcare,Basic,Germany,21.0,44.0,2,466,Late,0
Travel,Pro,India,24.0,99.0,1,454,On_time,0
Finance,Basic,USA,17.0,99.0,4,360,On_time,0
Healthcare,Basic,Germany,8.0,28.0,3,110,Late,0
Healthcare,Pro,Sri lanka,34.0,11.0,2,265,Late,0
Technology,Pro,USA,11.0,103.0,0,484,Failed,1
Healthcare,Pro,Australia,20.0,41.0,2,166,Late,0
Finance,Pro,UK,26.0,48.0,0,327,Late,0
Education,Pro,Germany,32.0,70.0,2,436,Late,0
Education,Pro,Australia,24.0,23.0,2,261,On_time,0
Technology,Pro,Australia,17.0,51.0,3,258,On_time,0
Finance,Pro,USA,4.0,7.0,2,135,Late,1
Technology,Basic,UK,17.0,81.0,2,313,Failed,1
Retail,Basic,Australia,3.0,59.0,0,450,Failed,0
Finance,Basic,Sri lanka,31.0,119.0,0,499,Failed,1
Technology,Pro,USA,22.0,93.0,0,342,Late,0
Technology,Enterprise,India,10.0,42.0,3,54,On_time,0
Healthcare,Basic,Germany,30.0,57.0,4,49,Failed,0
Education,Pro,India,7.0,67.0,3,251,On_time,0
Travel,Basic,UK,8.0,5.0,4,42,Failed,0
Technology,Pro,Germany,9.0,34.0,0,403,Late,0
Technology,Pro,Australia,4.0,30.0,0,94,Failed,1
Finance,Enterprise,Australia,35.0,72.0,0,207,Failed,0
Travel,Pro,UK,13.0,45.0,1,102,Late,0
Retail,Basic,UK,38.0,16.0,1,181,On_time,0
Education,Pro,UK,16.0,102.0,0,469,On_time,0
Retail,Enterprise,Australia,26.0,13.0,2,470,Failed,0
Retail,Basic,Australia,8.0,87.0,3,72,On_time,0
Technology,Pro,Sri lanka,39.0,65.0,1,288,Late,0
Education,Enterprise,India,21.0,19.0,2,356,On_time,0
Education,Enterprise,USA,23.0,32.0,3,179,On_time,0
Finance,Enterprise,Australia,14.0,50.0,5,490,Late,0
Technology,Basic,UK,8.0,82.0,1,309,On_time,0
Retail,Pro,Australia,18.0,98.0,2,460,On_time,0
Technology,Pro,Germany,31.0,113.0,1,115,Failed,0
Travel,Pro,Australia,22.0,38.0,3,447,On_time,0
Education,Basic,Australia,29.0,28.0,0,84,Failed,0
Retail,Enterprise,USA,19.0,9.0,4,196,Failed,1
Retail,Pro,UK,6.0,112.0,2,490,Late,0
Travel,Enterprise,USA,26.0,29.0,3,42,On_time,0
Travel,Enterprise,USA,21.0,21.0,2,30,Late,0
Healthcare,Enterprise,UK,17.0,,2,486,Failed,1
Technology,Pro,Germany,,12.0,1,323,On_time,0
Retail,Enterprise,Australia,39.0,28.0,2,275,Late,0
Finance,Pro,Sri lanka,14.0,99.0,1,32,On_time,0
Finance,Basic,UK,18.0,101.0,3,478,On_time,0
Travel,Basic,India,22.0,97.0,2,412,Failed,0
Travel,Basic,Germany,24.0,8.0,3,168,Late,0
Healthcare,Enterprise,Australia,28.0,104.0,2,254,Late,0
Technology,Basic,Sri lanka,35.0,13.0,0,137,Late,0
Retail,Pro,Sri lanka,10.0,53.0,2,184,Late,0
Retail,Basic,Sri lanka,38.0,24.0,3,406,Failed,1
Finance,Basic,Sri lanka,38.0,17.0,4,365,Late,0
Education,Enterprise,Australia,38.0,65.0,3,205,On_time,0
Finance,Basic,Germany,12.0,27.0,1,194,Late,0
Travel,Pro,India,,105.0,0,153,Failed,1
Travel,Basic,UK,7.0,96.0,1,74,On_time,0
Education,Basic,UK,7.0,116.0,4,247,On_time,0
Technology,Pro,Sri lanka,,32.0,4,151,Late,0
Retail,Basic,Australia,40.0,67.0,4,447,Late,0
Technology,Enterprise,USA,26.0,4.0,6,252,On_time,1
Healthcare,Basic,Australia,17.0,59.0,4,358,Late,0
Education,Enterprise,Sri lanka,11.0,77.0,3,340,Late,0
Education,Pro,UK,38.0,88.0,2,193,Failed,1
Healthcare,Pro,Australia,26.0,113.0,2,267,On_time,0
Technology,Enterprise,USA,33.0,50.0,2,141,Failed,1
Retail,Basic,Germany,21.0,46.0,0,313,Failed,0
Education,Pro,India,22.0,62.0,2,241,Failed,0
Retail,Basic,Australia,3.0,94.0,4,350,Late,0
Healthcare,Enterprise,Germany,13.0,50.0,3,374,On_time,0
Retail,Basic,Sri lanka,26.0,,2,38,Late,0
Finance,Basic,India,23.0,55.0,1,409,Late,0
Education,Pro,India,4.0,108.0,7,27,On_time,1
Education,Basic,UK,30.0,96.0,1,446,On_time,0
Retail,Basic,USA,39.0,81.0,1,361,Late,0
Education,Basic,USA,29.0,86.0,4,274,Late,0
Technology,Pro,USA,21.0,88.0,2,451,On_time,0
Healthcare,Enterprise,India,27.0,22.0,1,470,On_time,0
Technology,Pro,Australia,13.0,45.0,0,284,Late,0
Finance,Enterprise,USA,27.0,34.0,1,112,On_time,0
Education,Pro,UK,7.0,113.0,1,113,Failed,1
Education,Basic,Germany,35.0,99.0,4,487,On_time,0
Finance,Enterprise,Australia,27.0,82.0,2,384,Late,0
Technology,Basic,Australia,20.0,116.0,0,334,Late,0
Travel,Enterprise,UK,11.0,41.0,0,397,Late,0
Retail,Enterprise,USA,1.0,17.0,1,444,On_time,1
Healthcare,Basic,Australia,29.0,68.0,3,301,Late,0
Healthcare,Basic,USA,19.0,109.0,4,151,Failed,0
Retail,Basic,USA,23.0,106.0,2,411,Late,0
Travel,Pro,Germany,19.0,112.0,2,343,Failed,1
Healthcare,Enterprise,India,15.0,99.0,4,496,On_time,0
Healthcare,Pro,UK,24.0,24.0,1,460,Failed,0
Healthcare,Pro,Sri lanka,23.0,53.0,1,88,Late,0
Healthcare,Pro,Australia,31.0,53.0,1,268,Late,0
Technology,Pro,India,6.0,101.0,2,104,Failed,0
Technology,Pro,USA,20.0,3.0,1,471,Late,1
Finance,Enterprise,India,28.0,76.0,2,472,Late,0
Finance,Basic,Germany,13.0,87.0,3,454,Failed,0
Healthcare,Enterprise,USA,14.0,57.0,5,168,Late,0
Finance,Basic,Germany,8.0,113.0,2,51,Failed,1
Technology,Pro,Germany,34.0,9.0,2,292,On_time,1
Education,Enterprise,India,4.0,48.0,3,340,On_time,0
Travel,Basic,Australia,25.0,51.0,5,20,Failed,0
Finance,Basic,Sri lanka,23.0,39.0,2,188,On_time,0
Technology,Pro,UK,29.0,73.0,1,327,Late,0
Finance,Pro,Australia,3.0,81.0,4,470,Failed,1
Travel,Basic,Germany,26.0,15.0,3,62,On_time,0
Travel,Pro,India,35.0,104.0,3,235,Failed,0
Travel,Pro,USA,29.0,83.0,3,472,On_time,0
Healthcare,Basic,Germany,27.0,80.0,2,166,Failed,0
Education,Enterprise,Germany,12.0,80.0,0,477,Late,0
Education,Enterprise,USA,25.0,20.0,2,41,On_time,0
Finance,Enterprise,UK,37.0,72.0,2,291,Failed,0
Education,Pro,Sri lanka,19.0,51.0,0,483,Late,0
Technology,Basic,UK,8.0,97.0,2,302,Late,0
Finance,Basic,India,,,4,52,Late,0
Travel,Basic,Australia,19.0,86.0,1,66,On_time,0
Retail,Basic,India,39.0,68.0,3,234,Failed,0
Healthcare,Basic,Australia,19.0,54.0,5,81,Failed,1
Education,Pro,Germany,29.0,74.0,2,337,Failed,1
Technology,Enterprise,Germany,5.0,82.0,2,223,Failed,1
Finance,Pro,Sri lanka,7.0,3.0,1,227,Late,1
Healthcare,Pro,India,2.0,24.0,3,176,Late,0
Finance,Pro,India,38.0,20.0,1,127,Late,0
Travel,Enterprise,Germany,19.0,84.0,0,341,Late,0
Finance,Basic,India,30.0,53.0,0,342,Failed,0
Travel,Enterprise,India,6.0,79.0,3,462,On_time,0
Retail,Basic,Australia,36.0,59.0,3,285,Failed,0
Finance,Basic,Germany,15.0,59.0,2,297,On_time,0
Travel,Basic,UK,36.0,98.0,1,468,On_time,0
Travel,Basic,USA,4.0,7.0,1,404,Late,1
Retail,Enterprise,India,10.0,,3,185,Failed,0
Education,Enterprise,UK,17.0,,0,73,Failed,0
Technology,Pro,India,35.0,,3,112,On_time,0
Technology,Basic,UK,9.0,27.0,0,267,On_time,0
Retail,Enterprise,Australia,28.0,17.0,3,58,On_time,0
Travel,Pro,Sri lanka,23.0,111.0,1,82,On_time,0
Retail,Enterprise,USA,33.0,110.0,1,315,Late,0
Travel,Basic,India,11.0,61.0,1,180,On_time,0
Technology,Pro,India,11.0,16.0,0,323,Late,0
Education,Enterprise,India,10.0,82.0,4,477,Failed,0
Education,Basic,USA,38.0,65.0,2,228,Late,0
Travel,Enterprise,Australia,9.0,6.0,5,206,Failed,1
Education,Pro,UK,21.0,2.0,2,187,On_time,0
Finance,Basic,Sri lanka,36.0,114.0,2,373,On_time,0
Travel,Basic,USA,22.0,11.0,1,233,Late,0
Healthcare,Pro,Sri lanka,7.0,61.0,1,495,Failed,0
Technology,Pro,Sri lanka,15.0,1.0,3,57,Failed,1
Technology,Basic,UK,21.0,112.0,6,471,Failed,0
Technology,Pro,India,5.0,1.0,1,331,Late,0
Retail,Enterprise,Sri lanka,23.0,25.0,1,71,Failed,0
Technology,Pro,Germany,24.0,25.0,3,129,Late,0
Travel,Enterprise,Australia,39.0,80.0,1,156,On_time,0
Technology,Enterprise,Germany,6.0,115.0,3,106,On_time,0
Healthcare,Enterprise,Australia,17.0,76.0,4,184,Failed,0
Travel,Pro,UK,23.0,13.0,3,266,Late,0
Healthcare,Basic,UK,40.0,85.0,3,308,Late,0
Retail,Basic,India,30.0,81.0,3,134,On_time,0
Travel,Enterprise,Sri lanka,36.0,34.0,2,266,Failed,0
Retail,Basic,USA,19.0,118.0,2,156,Failed,0
Healthcare,Pro,USA,33.0,62.0,4,373,On_time,0
Healthcare,Enterprise,Germany,13.0,118.0,1,258,Late,0
Education,Basic,USA,13.0,48.0,1,432,Late,0
Finance,Basic,USA,39.0,88.0,2,324,Failed,0
Technology,Pro,USA,3.0,7.0,6,48,Failed,1
Healthcare,Enterprise,Sri lanka,32.0,26.0,1,175,Failed,1
Education,Pro,Germany,9.0,56.0,4,252,Failed,0
Travel,Basic,Germany,7.0,78.0,3,158,Failed,0
Technology,Enterprise,Sri lanka,30.0,57.0,3,41,On_time,0
Finance,Pro,Australia,6.0,76.0,1,354,Late,0
Healthcare,Pro,India,28.0,116.0,1,341,Failed,0
Technology,Basic,Australia,13.0,45.0,3,342,Late,0
Healthcare,Pro,Sri lanka,19.0,3.0,1,78,Late,1
Travel,Enterprise,Australia,4.0,60.0,3,254,On_time,0
Technology,Basic,India,2.0,62.0,3,226,Failed,1
Education,Pro,Australia,25.0,36.0,5,228,On_time,0
Finance,Pro,India,35.0,101.0,2,111,Late,0
Finance,Pro,Australia,9.0,92.0,1,419,Late,0
Technology,Enterprise,India,23.0,95.0,4,445,On_time,0
Healthcare,Enterprise,Australia,12.0,42.0,2,123,Failed,1
Healthcare,Pro,Sri lanka,40.0,109.0,1,223,Late,0
Finance,Enterprise,India,10.0,44.0,3,390,Failed,0
Education,Pro,UK,26.0,23.0,3,258,Late,0
Education,Enterprise,Sri lanka,3.0,38.0,2,499,Late,1
Finance,Enterprise,UK,28.0,21.0,2,297,On_time,0
Healthcare,Enterprise,Sri lanka,10.0,103.0,6,180,Late,0
Finance,Basic,Australia,28.0,8.0,0,82,Late,0
Retail,Enterprise,UK,22.0,70.0,5,236,Late,0
Technology,Pro,UK,40.0,29.0,2,283,Late,0
Retail,Basic,Sri lanka,11.0,97.0,1,195,Failed,0
Technology,Basic,Sri lanka,27.0,20.0,4,366,Failed,1
Retail,Enterprise,Australia,35.0,95.0,0,272,Late,0
Education,Enterprise,Germany,13.0,113.0,4,323,Late,0
Retail,Enterprise,USA,35.0,86.0,0,481,Late,0
Finance,Basic,India,24.0,114.0,2,275,Failed,0
Retail,Enterprise,Australia,35.0,3.0,6,93,On_time,1
Retail,Pro,Germany,25.0,20.0,3,47,On_time,0
Travel,Basic,India,5.0,63.0,3,132,Late,0
Finance,Basic,USA,20.0,38.0,1,414,On_time,0
Technology,Pro,UK,18.0,,3,152,On_time,0
Finance,Enterprise,Australia,23.0,41.0,2,425,On_time,0
Retail,Basic,Sri lanka,19.0,65.0,2,479,Failed,0
Travel,Pro,UK,22.0,86.0,3,453,Failed,0
Travel,Pro,UK,33.0,119.0,1,315,On_time,0
Healthcare,Basic,Sri lanka,20.0,94.0,7,94,Failed,1
Technology,Pro,USA,8.0,108.0,1,27,Failed,0
Finance,Enterprise,India,29.0,40.0,2,458,Late,0
Education,Basic,USA,16.0,46.0,2,258,Failed,0
Technology,Pro,Germany,27.0,53.0,2,198,Failed,0
Technology,Enterprise,Germany,20.0,37.0,5,295,Failed,0
Retail,Basic,India,39.0,53.0,4,30,Late,0
Technology,Basic,Germany,34.0,50.0,1,270,On_time,0
Education,Enterprise,USA,20.0,50.0,1,71,Failed,0
Travel,Pro,Australia,15.0,101.0,2,91,Late,0
Travel,Enterprise,India,40.0,108.0,2,411,On_time,0
Education,Pro,India,29.0,94.0,0,157,Late,0
Retail,Enterprise,Germany,39.0,28.0,2,120,On_time,0
Travel,Enterprise,Germany,26.0,86.0,2,363,Failed,0
Travel,Enterprise,USA,23.0,22.0,2,115,Late,0
Education,Basic,India,,64.0,2,374,On_time,0
Education,Pro,Sri lanka,23.0,17.0,3,200,On_time,0
Travel,Pro,UK,34.0,9.0,1,37,Late,1
Education,Enterprise,USA,12.0,40.0,1,482,On_time,0
Travel,Enterprise,UK,39.0,13.0,3,101,Late,0
Healthcare,Pro,Sri lanka,13.0,80.0,4,67,On_time,0
Technology,Pro,Germany,18.0,16.0,2,337,Failed,1
Finance,Enterprise,USA,40.0,13.0,5,329,Failed,0
Finance,Basic,Germany,4.0,39.0,3,139,Failed,1
Healthcare,Enterprise,Germany,28.0,53.0,1,256,Failed,0
Retail,Pro,USA,34.0,80.0,4,225,Failed,1
Education,Enterprise,UK,32.0,99.0,4,344,On_time,0
Retail,Basic,India,25.0,41.0,1,103,Late,0
Technology,Enterprise,UK,39.0,22.0,3,224,Late,0
Technology,Basic,Germany,17.0,54.0,2,427,On_time,0
Healthcare,Basic,Germany,8.0,114.0,6,175,Late,0
Travel,Enterprise,USA,25.0,61.0,1,229,On_time,0
Education,Enterprise,Sri lanka,17.0,30.0,4,488,Failed,0
Healthcare,Basic,UK,30.0,21.0,0,356,Late,0
Travel,Basic,Australia,40.0,83.0,4,199,Failed,0
Finance,Enterprise,USA,30.0,33.0,5,307,Late,0
Retail,Enterprise,Sri lanka,15.0,12.0,1,460,Late,0
Technology,Pro,India,8.0,72.0,3,390,Failed,0
Education,Enterprise,Germany,11.0,103.0,0,292,Late,0
Finance,Enterprise,USA,33.0,32.0,4,121,Late,0
Technology,Basic,UK,37.0,109.0,3,158,Failed,0
Healthcare,Basic,UK,24.0,49.0,1,123,On_time,0
Education,Basic,Australia,19.0,103.0,2,47,On_time,0
Technology,Basic,USA,2.0,38.0,4,77,Failed,1
Retail,Enterprise,India,13.0,52.0,2,207,On_time,0
Travel,Basic,Germany,19.0,58.0,1,203,Late,0
Finance,Pro,Germany,28.0,1.0,0,323,Failed,0
Education,Enterprise,UK,40.0,97.0,2,407,Late,0
Travel,Basic,Australia,38.0,108.0,1,203,Failed,0
Retail,Basic,India,12.0,31.0,2,309,On_time,0
Healthcare,Enterprise,India,3.0,24.0,4,342,On_time,1
Healthcare,Basic,Sri lanka,24.0,5.0,0,302,Failed,1
Healthcare,Pro,Germany,16.0,,0,479,Failed,0
Travel,Enterprise,USA,26.0,47.0,4,202,Late,0
Retail,Basic,Sri lanka,1.0,118.0,1,397,Failed,1
Travel,Basic,UK,21.0,89.0,2,391,Failed,0
Travel,Enterprise,India,38.0,15.0,1,482,Failed,0
Healthcare,Pro,USA,25.0,21.0,2,382,Late,0
Travel,Basic,UK,23.0,68.0,1,246,On_time,0
Healthcare,Enterprise,India,22.0,104.0,3,219,On_time,0
Travel,Enterprise,India,11.0,61.0,1,200,Late,0
Technology,Basic,Germany,37.0,56.0,0,377,Failed,0
Healthcare,Pro,Germany,29.0,69.0,0,259,Late,0
Technology,Enterprise,Sri lanka,2.0,65.0,3,442,Late,1
Technology,Pro,USA,26.0,77.0,3,397,Late,0
Education,Basic,India,30.0,73.0,0,205,Late,0
Travel,Enterprise,Australia,21.0,56.0,1,71,On_time,0
Finance,Enterprise,UK,25.0,76.0,1,120,On_time,0
Healthcare,Basic,Germany,1.0,65.0,1,445,Failed,1
Travel,Pro,India,21.0,79.0,3,194,Failed,0
Retail,Enterprise,UK,17.0,17.0,1,185,Failed,0
Education,Basic,UK,17.0,112.0,2,258,Late,0
Finance,Basic,Germany,8.0,61.0,3,182,On_time,0
Travel,Pro,USA,6.0,69.0,3,24,On_time,0
Retail,Basic,UK,26.0,20.0,2,407,On_time,0
Finance,Enterprise,Germany,17.0,14.0,2,418,Late,0
Finance,Enterprise,USA,19.0,63.0,2,422,On_time,0
Technology,Pro,UK,20.0,100.0,2,427,Failed,0
Healthcare,Basic,Germany,17.0,71.0,1,307,Failed,0
Retail,Pro,Sri lanka,36.0,13.0,2,482,On_time,0
Education,Enterprise,Australia,4.0,40.0,1,209,On_time,0
Healthcare,Pro,Australia,4.0,45.0,1,213,On_time,0
Technology,Pro,Australia,31.0,3.0,1,190,Failed,0
Retail,Pro,India,31.0,73.0,2,383,Failed,1
Education,Basic,Australia,39.0,106.0,1,305,Failed,1
Finance,Enterprise,USA,10.0,102.0,3,190,On_time,0
Education,Pro,Germany,23.0,69.0,0,459,Failed,0
Travel,Enterprise,UK,4.0,93.0,3,115,On_time,1
Education,Enterprise,India,9.0,101.0,3,125,Late,0
Travel,Basic,UK,11.0,43.0,4,233,Failed,0
Travel,Enterprise,UK,6.0,35.0,3,270,Failed,0
Technology,Enterprise,UK,3.0,9.0,3,252,Failed,1
Education,Basic,USA,9.0,23.0,0,144,Failed,1
Technology,Basic,USA,5.0,47.0,3,267,On_time,0
Finance,Pro,Germany,25.0,74.0,1,333,On_time,0
Healthcare,Basic,Sri lanka,30.0,119.0,1,374,Late,0
Retail,Basic,Sri lanka,34.0,10.0,1,424,On_time,0
Finance,Basic,India,22.0,45.0,1,401,On_time,0
Travel,Basic,Australia,2.0,76.0,0,485,On_time,0
Travel,Pro,Germany,11.0,16.0,2,365,On_time,0
Technology,Basic,Sri lanka,16.0,6.0,2,317,Late,0
Technology,Basic,Australia,12.0,60.0,3,302,On_time,0
Technology,Basic,Sri lanka,15.0,72.0,3,31,Failed,0
Education,Pro,Germany,13.0,,2,488,Late,0
Education,Basic,India,8.0,69.0,0,311,Failed,0
Healthcare,Enterprise,UK,28.0,118.0,2,419,On_time,0
Education,Basic,Germany,14.0,74.0,5,455,On_time,0
Finance,Basic,USA,19.0,77.0,3,167,Failed,0
Finance,Pro,Germany,25.0,70.0,2,165,Late,0
Finance,Pro,Germany,5.0,54.0,0,64,Failed,0
Healthcare,Enterprise,India,19.0,87.0,3,199,Failed,0
Retail,Pro,UK,36.0,73.0,1,89,Late,0
Travel,Enterprise,Germany,15.0,57.0,1,69,Late,0
Retail,Basic,Germany,18.0,5.0,1,184,Late,0
Healthcare,Basic,USA,22.0,58.0,0,319,Failed,0
Finance,Pro,UK,34.0,77.0,4,403,On_time,0
Retail,Pro,USA,35.0,57.0,4,157,Failed,1
Healthcare,Basic,UK,2.0,66.0,3,264,Late,0
Education,Basic,USA,31.0,107.0,1,360,Late,0
Retail,Basic,India,4.0,71.0,0,325,Late,0
Education,Enterprise,Germany,12.0,95.0,2,66,On_time,0
Finance,Enterprise,India,28.0,53.0,3,429,Failed,0
Retail,Pro,USA,11.0,40.0,0,350,Failed,0
Healthcare,Enterprise,Germany,3.0,12.0,1,201,On_time,1
Finance,Enterprise,Australia,2.0,49.0,3,300,On_time,0
Education,Enterprise,Australia,32.0,10.0,2,380,Failed,0
Healthcare,Basic,Germany,37.0,118.0,0,41,On_time,0
Technology,Pro,UK,20.0,114.0,0,60,Failed,0
Travel,Enterprise,Australia,16.0,34.0,1,31,Failed,0
Education,Pro,Sri lanka,40.0,73.0,1,371,Failed,0
Education,Enterprise,UK,34.0,48.0,0,79,Late,0
Technology,Enterprise,Germany,2.0,65.0,4,213,Late,1
Healthcare,Enterprise,Germany,29.0,15.0,4,353,Failed,1
Travel,Enterprise,India,37.0,18.0,0,181,Late,0
Education,Basic,USA,12.0,22.0,1,439,Late,0
Travel,Pro,Germany,22.0,78.0,4,167,On_time,0
Education,Pro,UK,18.0,38.0,1,142,Late,0
Technology,Enterprise,Australia,16.0,59.0,2,250,Failed,0
Education,Pro,Germany,31.0,78.0,3,218,Late,0
Technology,Pro,Germany,32.0,15.0,0,188,On_time,0
Retail,Basic,Sri lanka,34.0,5.0,0,391,On_time,0
Technology,Basic,Germany,23.0,104.0,1,62,On_time,0
Technology,Enterprise,Australia,33.0,117.0,2,457,On_time,0
Retail,Basic,USA,23.0,32.0,4,428,Failed,0
Technology,Enterprise,Sri lanka,31.0,22.0,3,148,Late,0
Education,Basic,India,20.0,44.0,0,94,On_time,0
Travel,Basic,Germany,39.0,111.0,2,35,Late,0
Education,Enterprise,UK,35.0,20.0,3,356,On_time,0
Healthcare,Pro,Australia,2.0,29.0,3,207,On_time,0
Education,Enterprise,UK,35.0,69.0,5,121,Failed,1
Retail,Pro,India,27.0,45.0,3,130,On_time,0
Technology,Basic,UK,22.0,43.0,1,317,Late,0
Travel,Enterprise,Germany,26.0,112.0,1,96,Failed,0
Retail,Enterprise,India,28.0,9.0,0,230,On_time,0
Finance,Basic,India,39.0,51.0,2,173,Failed,0
Technology,Pro,Australia,27.0,11.0,0,446,On_time,0
Technology,Pro,USA,19.0,64.0,3,374,Failed,1
Healthcare,Basic,Germany,40.0,72.0,3,336,On_time,0
Education,Pro,USA,4.0,25.0,4,328,On_time,1
Travel,Enterprise,Australia,24.0,80.0,0,108,On_time,0
Education,Enterprise,India,4.0,75.0,3,234,Failed,1
Technology,Basic,Australia,23.0,114.0,3,486,Failed,0
Education,Basic,Sri lanka,33.0,36.0,1,367,Late,0
Technology,Enterprise,India,17.0,67.0,2,98,On_time,0
Technology,Enterprise,India,25.0,51.0,0,66,On_time,0
Retail,Pro,India,38.0,64.0,4,157,On_time,0
Retail,Enterprise,Australia,7.0,112.0,2,20,Late,0
Retail,Pro,Sri lanka,,4.0,2,20,Late,1
Retail,Pro,Germany,7.0,94.0,1,27,Failed,0
Technology,Enterprise,Sri lanka,24.0,83.0,2,51,Late,0
Retail,Enterprise,USA,14.0,18.0,2,270,Late,0
Finance,Enterprise,Germany,31.0,4.0,2,451,Failed,1
Finance,Enterprise,Germany,39.0,105.0,1,222,Late,0
Retail,Basic,Sri lanka,,108.0,2,274,Late,0
Finance,Basic,USA,7.0,1.0,2,409,On_time,0
Education,Pro,Australia,6.0,44.0,0,105,On_time,0
Travel,Pro,UK,19.0,101.0,2,445,Late,0
Retail,Enterprise,Germany,33.0,74.0,2,412,Failed,0
Education,Enterprise,USA,21.0,76.0,2,290,Failed,0
Education,Basic,UK,2.0,52.0,0,191,Late,0
Retail,Pro,Sri lanka,18.0,3.0,1,441,Failed,0
Technology,Basic,Australia,,58.0,1,397,Late,0
Retail,Pro,Germany,11.0,68.0,1,117,On_time,0
Education,Pro,India,29.0,88.0,5,163,On_time,0
Education,Enterprise,UK,31.0,14.0,1,198,On_time,0
Technology,Enterprise,UK,9.0,58.0,1,234,Late,0
Retail,Pro,USA,5.0,42.0,2,397,Late,0
Technology,Enterprise,UK,15.0,71.0,1,358,Failed,0
Travel,Basic,Australia,10.0,92.0,2,313,Late,0
Education,Enterprise,Germany,13.0,93.0,3,407,On_time,0
Healthcare,Enterprise,Australia,21.0,67.0,0,362,On_time,0
Travel,Basic,India,16.0,77.0,2,346,On_time,0
Education,Enterprise,Sri lanka,15.0,71.0,0,444,Failed,0
Retail,Basic,India,22.0,24.0,2,227,Failed,1
Travel,Enterprise,USA,8.0,56.0,6,298,On_time,0
Retail,Basic,UK,6.0,111.0,1,209,Failed,0
Finance,Pro,USA,13.0,43.0,1,463,Late,0
Healthcare,Pro,UK,28.0,51.0,2,499,On_time,0
Retail,Pro,India,20.0,92.0,1,342,Failed,1
Retail,Basic,UK,26.0,8.0,2,448,Late,0
Travel,Basic,Germany,13.0,69.0,0,137,On_time,0
Travel,Basic,UK,18.0,111.0,1,320,On_time,0
Technology,Pro,USA,12.0,111.0,4,45,On_time,0
Retail,Pro,Sri lanka,14.0,118.0,4,459,Late,0
Retail,Basic,USA,19.0,82.0,3,47,Failed,1
Education,Enterprise,UK,37.0,26.0,4,329,Failed,0
Education,Enterprise,UK,22.0,16.0,3,458,On_time,0
Travel,Pro,UK,22.0,85.0,1,84,On_time,0
Technology,Basic,India,6.0,23.0,3,96,Late,0
Education,Basic,Sri lanka,18.0,87.0,2,366,Late,0
Technology,Enterprise,Sri lanka,18.0,88.0,1,189,Late,0
Education,Pro,Germany,7.0,50.0,0,366,On_time,0
Healthcare,Enterprise,Sri lanka,6.0,91.0,5,362,Failed,1
Finance,Basic,Australia,20.0,101.0,1,47,On_time,0
Healthcare,Basic,UK,2.0,25.0,1,350,Late,1
Technology,Basic,Germany,38.0,6.0,0,161,Late,0
Travel,Basic,Germany,2.0,40.0,0,392,Late,1
Education,Basic,India,35.0,97.0,0,165,Failed,1
Travel,Basic,Sri lanka,24.0,109.0,2,452,Failed,1
Finance,Enterprise,Australia,34.0,89.0,3,201,Failed,0
Technology,Basic,Australia,9.0,1.0,1,355,Late,0
Finance,Basic,Sri lanka,40.0,55.0,2,40,On_time,0
Technology,Basic,Germany,6.0,96.0,2,29,On_time,0
Healthcare,Enterprise,UK,30.0,116.0,1,400,On_time,0
Travel,Basic,India,9.0,95.0,0,210,Late,0
Technology,Basic,Germany,40.0,9.0,1,228,On_time,0
Finance,Basic,USA,16.0,15.0,2,295,On_time,0
Healthcare,Enterprise,Germany,15.0,18.0,2,128,Late,0
Finance,Basic,India,10.0,61.0,2,385,Failed,1
Finance,Enterprise,UK,9.0,94.0,1,317,On_time,0
Retail,Enterprise,USA,13.0,36.0,2,92,Late,0
Healthcare,Basic,Australia,7.0,2.0,4,176,Late,1
Travel,Basic,Sri lanka,14.0,90.0,5,149,Failed,0
Technology,Basic,Australia,25.0,13.0,3,118,On_time,0
Technology,Pro,UK,18.0,75.0,2,334,On_time,0
Retail,Enterprise,Germany,19.0,111.0,5,289,Late,0
Finance,Basic,Australia,19.0,102.0,1,324,Late,0
Travel,Pro,UK,25.0,16.0,1,91,Late,0
Finance,Pro,UK,18.0,92.0,4,29,Failed,0
Healthcare,Basic,Australia,34.0,36.0,1,234,Failed,0
Finance,Pro,USA,6.0,29.0,1,193,Late,0
Technology,Pro,UK,24.0,75.0,1,303,On_time,0
Finance,Enterprise,India,3.0,75.0,1,109,Failed,0
Healthcare,Basic,Germany,21.0,54.0,4,78,On_time,0
Finance,Pro,UK,7.0,9.0,2,215,On_time,0
Travel,Enterprise,India,35.0,3.0,1,302,Late,1
Retail,Enterprise,Australia,1.0,91.0,1,106,On_time,1
Technology,Enterprise,Sri lanka,11.0,42.0,1,184,Failed,0
Finance,Enterprise,UK,17.0,99.0,5,387,On_time,0
Travel,Pro,USA,31.0,95.0,2,69,Failed,0
Technology,Enterprise,India,14.0,114.0,0,89,On_time,0
Travel,Pro,Sri lanka,27.0,15.0,3,480,Failed,0
Education,Basic,Australia,34.0,88.0,4,53,Late,0
Healthcare,Pro,Australia,15.0,108.0,1,101,Failed,1
Retail,Enterprise,UK,7.0,93.0,0,211,Late,0
Finance,Basic,Sri lanka,25.0,38.0,0,366,On_time,0
Healthcare,Enterprise,Sri lanka,2.0,81.0,3,464,On_time,0
Retail,Pro,UK,22.0,35.0,3,355,Late,0
Education,Pro,UK,2.0,4.0,2,492,On_time,1
Retail,Pro,UK,5.0,69.0,2,220,Late,0
Finance,Enterprise,UK,5.0,42.0,1,119,On_time,0
Technology,Pro,Sri lanka,22.0,64.0,3,116,On_time,0
Healthcare,Pro,Australia,18.0,71.0,2,279,Failed,0
Finance,Enterprise,UK,18.0,27.0,3,247,Failed,1
Technology,Basic,Australia,6.0,62.0,1,381,On_time,0
Education,Basic,Australia,24.0,56.0,1,201,Late,0
Finance,Enterprise,USA,13.0,113.0,3,426,Late,0
Technology,Enterprise,Australia,30.0,,5,212,Late,0
Education,Pro,India,4.0,110.0,2,493,On_time,1
Finance,Pro,Germany,14.0,9.0,0,351,Late,0
Travel,Enterprise,USA,6.0,20.0,1,84,Failed,1
Technology,Enterprise,Australia,24.0,47.0,1,204,Late,0
Retail,Pro,Australia,35.0,62.0,4,117,Failed,1
Education,Basic,Germany,,31.0,3,490,On_time,0
Technology,Pro,USA,25.0,79.0,1,75,Late,0
Retail,Pro,USA,19.0,57.0,0,310,Late,0
Finance,Pro,USA,1.0,52.0,1,340,Late,0
Travel,Pro,UK,,91.0,1,398,Late,1
Healthcare,Enterprise,UK,40.0,26.0,6,346,Failed,0
Retail,Enterprise,UK,15.0,34.0,2,346,On_time,0
Education,Enterprise,UK,32.0,19.0,2,159,Late,0
Healthcare,Pro,UK,6.0,22.0,2,77,Failed,0
Healthcare,Enterprise,Australia,6.0,83.0,2,429,Failed,0
Education,Enterprise,Germany,13.0,7.0,3,74,Late,0
Healthcare,Enterprise,USA,27.0,57.0,4,227,Failed,1
Retail,Basic,India,14.0,29.0,2,53,Late,0
Finance,Enterprise,Germany,33.0,41.0,6,199,On_time,1
Travel,Enterprise,Australia,32.0,6.0,1,245,On_time,1
Healthcare,Pro,Germany,30.0,100.0,1,116,Failed,0
Technology,Enterprise,Sri lanka,10.0,115.0,1,467,Late,0
Technology,Basic,India,12.0,56.0,4,206,On_time,0
Education,Enterprise,India,2.0,36.0,2,463,Late,1
Healthcare,Enterprise,Australia,22.0,63.0,3,136,On_time,0
Education,Enterprise,USA,38.0,41.0,0,443,Late,0
Technology,Basic,Germany,33.0,17.0,2,337,Late,0
Education,Pro,Sri lanka,24.0,9.0,1,325,Failed,1
Education,Basic,India,30.0,40.0,2,432,Failed,1
Healthcare,Enterprise,UK,24.0,74.0,1,231,Late,0
Healthcare,Basic,Sri lanka,37.0,45.0,1,452,Late,0
Travel,Enterprise,USA,29.0,95.0,0,423,On_time,0
Finance,Basic,Germany,9.0,77.0,1,266,Late,0
Retail,Enterprise,USA,19.0,90.0,2,111,Failed,1
Travel,Basic,Sri lanka,18.0,96.0,3,436,On_time,0
Finance,Enterprise,UK,12.0,49.0,5,137,On_time,0
Retail,Pro,Germany,7.0,46.0,4,285,On_time,0
Retail,Basic,Germany,16.0,16.0,2,419,On_time,0
Technology,Enterprise,Germany,20.0,80.0,2,353,Failed,0
Finance,Pro,Sri lanka,7.0,33.0,2,455,Failed,1
Finance,Basic,Germany,4.0,26.0,4,288,On_time,1
Technology,Basic,Sri lanka,14.0,88.0,3,443,Late,0
Technology,Enterprise,USA,2.0,106.0,3,399,Late,0
Education,Basic,Germany,2.0,,5,358,Failed,1
Education,Basic,Australia,34.0,44.0,1,211,Late,0
Healthcare,Basic,USA,36.0,22.0,0,199,On_time,0
Education,Pro,India,30.0,117.0,3,174,Failed,1
Finance,Pro,Sri lanka,37.0,48.0,2,406,On_time,0
Healthcare,Enterprise,USA,5.0,23.0,1,406,Late,0
Healthcare,Basic,Sri lanka,29.0,70.0,1,168,Late,0
Healthcare,Pro,India,11.0,38.0,6,257,On_time,0
Technology,Enterprise,UK,34.0,41.0,1,470,Failed,0
Healthcare,Pro,UK,31.0,115.0,1,445,Late,0
Healthcare,Enterprise,Sri lanka,13.0,98.0,5,373,Failed,0
Finance,Enterprise,Australia,6.0,8.0,2,159,Late,1
Travel,Enterprise,UK,9.0,2.0,2,29,Late,0
Education,Pro,Sri lanka,21.0,84.0,2,272,Late,0
Education,Enterprise,Australia,14.0,112.0,1,168,Late,0
Retail,Basic,India,30.0,39.0,2,429,Late,0
Travel,Pro,India,,38.0,0,63,Failed,0
Technology,Pro,India,22.0,44.0,1,409,On_time,0
Travel,Pro,Germany,17.0,51.0,2,219,On_time,0
Travel,Basic,USA,21.0,70.0,2,462,Failed,0
Travel,Enterprise,USA,18.0,56.0,3,93,Failed,0
Technology,Pro,UK,32.0,106.0,1,245,Late,0
Travel,Pro,Sri lanka,40.0,87.0,0,83,Failed,0
Travel,Basic,USA,7.0,104.0,2,248,On_time,0
Retail,Basic,USA,34.0,84.0,3,107,Late,0
Education,Pro,Australia,8.0,30.0,1,455,On_time,0
Travel,Basic,India,11.0,66.0,4,422,Late,0
Healthcare,Enterprise,India,18.0,101.0,1,270,On_time,0
Retail,Pro,Sri lanka,16.0,65.0,0,53,On_time,0
Healthcare,Enterprise,Australia,8.0,18.0,3,304,Late,0
Retail,Enterprise,Germany,3.0,90.0,1,274,On_time,0
Finance,Enterprise,UK,12.0,2.0,0,175,Failed,1
Travel,Pro,Germany,18.0,77.0,2,410,Failed,0
Technology,Pro,Australia,26.0,90.0,1,443,Late,0
Education,Basic,Germany,9.0,32.0,1,478,On_time,0
Education,Basic,Australia,,52.0,1,197,Late,0
Healthcare,Basic,India,15.0,106.0,2,374,Late,0
Healthcare,Basic,UK,15.0,112.0,1,407,Failed,0
Retail,Basic,Germany,11.0,108.0,1,240,Late,0
Retail,Enterprise,USA,21.0,112.0,1,443,Failed,0
Healthcare,Pro,Sri lanka,13.0,23.0,5,319,On_time,0
Technology,Pro,Germany,12.0,90.0,2,31,On_time,0
Healthcare,Enterprise,UK,5.0,54.0,2,385,Failed,1
Finance,Pro,UK,34.0,77.0,3,441,Late,0
Finance,Basic,Germany,4.0,53.0,4,396,Failed,1
Healthcare,Enterprise,India,15.0,38.0,1,201,Late,0
Finance,Enterprise,Sri lanka,,12.0,2,311,Late,0
Retail,Enterprise,Australia,25.0,87.0,2,80,On_time,0
Finance,Basic,UK,18.0,43.0,2,124,Late,0
Finance,Enterprise,Sri lanka,14.0,4.0,1,453,On_time,0
Education,Basic,India,15.0,28.0,1,88,Late,0
Retail,Basic,USA,34.0,106.0,2,270,Failed,0
Travel,Enterprise,USA,27.0,88.0,2,68,Failed,0
Technology,Basic,Germany,38.0,23.0,2,218,Failed,0
Education,Pro,Australia,23.0,2.0,1,401,Failed,1
Finance,Enterprise,USA,31.0,111.0,3,235,Failed,0
Travel,Enterprise,India,26.0,80.0,4,433,Late,0
Retail,Enterprise,India,36.0,67.0,1,261,On_time,0
Travel,Enterprise,Australia,12.0,55.0,0,215,On_time,0
Technology,Enterprise,India,31.0,,2,226,Late,0
Education,Enterprise,Australia,23.0,28.0,1,164,On_time,0
Technology,Enterprise,USA,37.0,77.0,2,439,Late,0
Retail,Enterprise,Australia,36.0,84.0,2,447,Late,0
Travel,Enterprise,Sri lanka,4.0,34.0,1,499,On_time,0
Retail,Basic,UK,13.0,103.0,4,411,Failed,1
Travel,Pro,India,1.0,92.0,3,164,Late,0
Technology,Basic,UK,5.0,58.0,0,498,Failed,1
Finance,Pro,Germany,40.0,38.0,1,325,Late,0
Travel,Basic,Germany,33.0,13.0,4,285,On_time,0
Travel,Enterprise,USA,31.0,6.0,4,257,On_time,1
Retail,Pro,USA,23.0,116.0,1,175,Failed,0
Retail,Pro,India,5.0,21.0,2,403,On_time,0
Healthcare,Enterprise,India,33.0,65.0,3,172,Late,0
Education,Basic,India,38.0,109.0,1,128,Failed,1
Technology,Enterprise,UK,,85.0,2,392,Late,0
Retail,Enterprise,UK,13.0,113.0,1,341,On_time,0
Travel,Enterprise,India,19.0,83.0,5,277,On_time,0
Healthcare,Pro,UK,36.0,19.0,3,100,On_time,0
Technology,Basic,India,39.0,36.0,0,407,On_time,0
Technology,Enterprise,UK,38.0,25.0,3,326,On_time,0
Travel,Enterprise,UK,24.0,14.0,1,230,Failed,0
Healthcare,Basic,India,12.0,82.0,2,228,Late,0
Technology,Pro,Australia,1.0,79.0,0,284,On_time,1
Healthcare,Basic,India,15.0,28.0,3,95,On_time,0
Travel,Enterprise,Germany,,65.0,2,398,Failed,0
Retail,Enterprise,UK,32.0,62.0,1,387,Late,0
Education,Pro,USA,32.0,27.0,3,91,Failed,0
Retail,Enterprise,UK,31.0,34.0,1,57,Failed,1
Travel,Enterprise,Sri lanka,9.0,73.0,3,239,Late,0
Healthcare,Enterprise,Sri lanka,30.0,4.0,3,225,Failed,1
Education,Enterprise,UK,22.0,31.0,2,87,On_time,0
Education,Enterprise,Germany,15.0,88.0,1,370,Late,0
Technology,Basic,India,12.0,106.0,1,377,Late,0
Education,Basic,Germany,12.0,103.0,2,141,On_time,0
Healthcare,Pro,UK,,68.0,1,271,On_time,0
Retail,Enterprise,USA,39.0,119.0,0,64,On_time,0
Healthcare,Enterprise,Australia,34.0,44.0,3,22,Failed,0
Technology,Basic,Australia,22.0,86.0,1,351,Late,0
Finance,Pro,Australia,29.0,48.0,1,341,Failed,0
Technology,Enterprise,India,4.0,10.0,1,153,On_time,0
Education,Enterprise,USA,19.0,69.0,1,224,Late,0
Education,Basic,Sri lanka,19.0,21.0,4,187,Failed,0
Technology,Basic,Germany,35.0,95.0,1,480,On_time,0
Technology,Basic,Australia,4.0,46.0,3,374,Failed,0
Technology,Pro,Sri lanka,17.0,105.0,3,493,Failed,0
Finance,Enterprise,Australia,22.0,111.0,1,463,On_time,0
Healthcare,Enterprise,India,12.0,88.0,2,332,Failed,0
Travel,Enterprise,USA,12.0,13.0,2,355,On_time,0
Travel,Pro,Germany,35.0,3.0,1,401,Failed,1
Healthcare,Basic,USA,7.0,117.0,3,94,On_time,0
Education,Enterprise,Sri lanka,7.0,109.0,1,435,Late,0
Retail,Enterprise,Germany,20.0,57.0,0,483,Failed,0
Technology,Pro,USA,25.0,12.0,0,164,Late,0
Education,Pro,Australia,11.0,70.0,1,89,Failed,0
Education,Pro,India,38.0,2.0,3,91,Failed,0
Healthcare,Basic,Sri lanka,37.0,49.0,3,185,Late,0
Finance,Basic,Germany,37.0,94.0,2,142,Failed,0
Technology,Basic,USA,18.0,87.0,1,182,Late,0
Retail,Pro,USA,34.0,28.0,2,344,On_time,0
Technology,Pro,UK,28.0,53.0,0,167,Failed,0
Healthcare,Pro,Australia,24.0,61.0,0,333,Failed,1
Healthcare,Basic,Sri lanka,27.0,26.0,1,72,Late,0
Finance,Basic,Germany,38.0,69.0,4,412,On_time,0
Education,Basic,USA,29.0,54.0,3,83,Late,0
Healthcare,Enterprise,UK,29.0,116.0,2,40,On_time,0
Technology,Basic,Australia,39.0,95.0,1,183,Late,0
Retail,Basic,Germany,11.0,111.0,2,178,Late,0
Retail,Enterprise,Germany,,103.0,3,405,Late,0
Finance,Basic,Sri lanka,18.0,108.0,6,183,Late,0
Travel,Pro,Australia,21.0,49.0,5,365,On_time,0
Travel,Pro,India,38.0,,0,280,On_time,0
Finance,Basic,India,15.0,16.0,0,440,On_time,0
Technology,Basic,Sri lanka,3.0,52.0,6,337,Failed,1
Education,Enterprise,Australia,38.0,46.0,3,40,On_time,0
Travel,Enterprise,Sri lanka,8.0,115.0,1,267,On_time,0
Healthcare,Pro,Australia,20.0,8.0,2,284,Failed,1
Technology,Enterprise,Sri lanka,15.0,94.0,2,103,On_time,0
Technology,Basic,USA,37.0,86.0,2,121,Failed,0
Healthcare,Basic,USA,28.0,48.0,3,110,Failed,0
Education,Enterprise,Australia,24.0,77.0,0,454,Late,0
Education,Enterprise,UK,28.0,92.0,4,77,Failed,1
Healthcare,Pro,UK,2.0,25.0,2,445,Late,1
Healthcare,Pro,Germany,25.0,54.0,2,72,Failed,1
Education,Basic,Australia,2.0,,2,312,Late,1
Technology,Enterprise,India,20.0,103.0,2,270,Failed,1
Finance,Enterprise,Australia,1.0,117.0,0,497,Failed,1
Healthcare,Basic,Sri lanka,3.0,46.0,2,320,On_time,0
Healthcare,Basic,USA,26.0,77.0,1,54,Failed,1
Technology,Pro,Australia,24.0,28.0,1,78,Failed,0
Retail,Pro,Germany,17.0,115.0,1,268,On_time,0
Retail,Enterprise,India,34.0,11.0,4,94,Late,0
Healthcare,Enterprise,Sri lanka,18.0,98.0,1,234,On_time,0
Healthcare,Enterprise,UK,7.0,59.0,1,68,Late,0
Travel,Enterprise,Australia,26.0,33.0,0,98,Late,0
Retail,Pro,USA,2.0,105.0,2,136,On_time,1
Travel,Enterprise,USA,36.0,32.0,2,131,On_time,0
Retail,Pro,UK,30.0,54.0,2,102,Late,0
Travel,Pro,Australia,1.0,69.0,1,126,Late,1
Education,Basic,Sri lanka,37.0,53.0,1,199,On_time,0
Technology,Enterprise,Australia,18.0,50.0,0,421,Late,0
Education,Basic,Australia,22.0,66.0,3,329,Late,0
Education,Basic,India,26.0,85.0,2,498,Late,0
Finance,Basic,Germany,14.0,49.0,1,257,Late,0
Healthcare,Enterprise,UK,14.0,59.0,2,454,Late,0
Education,Enterprise,USA,20.0,2.0,0,230,On_time,0
Healthcare,Pro,USA,37.0,82.0,2,266,Late,0
Technology,Enterprise,USA,12.0,99.0,1,51,Failed,0
Retail,Basic,USA,10.0,43.0,2,436,Failed,1
Healthcare,Basic,USA,36.0,100.0,2,133,Failed,1
Finance,Enterprise,India,14.0,25.0,2,368,On_time,0
Finance,Pro,Australia,4.0,82.0,1,250,Failed,1
Technology,Pro,Germany,16.0,75.0,3,448,Late,0
Finance,Basic,USA,18.0,58.0,3,215,On_time,0
Healthcare,Enterprise,Sri lanka,14.0,97.0,4,434,On_time,0
Finance,Basic,USA,9.0,106.0,1,49,Late,0
Finance,Enterprise,UK,12.0,29.0,2,429,On_time,0
Travel,Basic,USA,2.0,62.0,4,490,Late,0
Travel,Basic,USA,9.0,2.0,0,316,Failed,1
Travel,Basic,Sri lanka,31.0,108.0,2,88,Late,0
Retail,Pro,Australia,10.0,56.0,1,305,Failed,0
Technology,Basic,Sri lanka,7.0,70.0,2,332,Late,0
Education,Enterprise,Australia,24.0,53.0,1,324,Failed,0
Healthcare,Pro,UK,12.0,113.0,3,119,Late,0
Education,Pro,UK,40.0,52.0,0,297,Failed,1
Technology,Basic,UK,30.0,114.0,1,49,Failed,0
Travel,Pro,USA,8.0,98.0,2,300,Late,0
Travel,Enterprise,Sri lanka,19.0,5.0,1,230,Late,0
Technology,Enterprise,UK,23.0,27.0,0,45,Failed,0
Education,Enterprise,Germany,27.0,62.0,1,432,On_time,0
Travel,Basic,USA,39.0,60.0,3,298,Late,0
Education,Enterprise,Australia,7.0,26.0,1,125,On_time,0
Education,Basic,USA,28.0,117.0,2,288,Failed,0
Healthcare,Basic,USA,28.0,33.0,1,37,On_time,0
Finance,Pro,India,30.0,26.0,3,441,Late,0
Retail,Basic,Sri lanka,2.0,113.0,2,165,Failed,1
Technology,Pro,UK,27.0,41.0,1,266,Failed,0
Technology,Pro,UK,29.0,58.0,4,297,On_time,0
Education,Basic,Australia,23.0,48.0,1,160,On_time,0
Healthcare,Enterprise,UK,21.0,105.0,1,28,On_time,0
Finance,Pro,USA,15.0,52.0,3,249,On_time,0
Healthcare,Basic,Australia,3.0,106.0,3,342,Late,1
Education,Enterprise,Germany,18.0,,3,471,Failed,0
Healthcare,Basic,Australia,5.0,1.0,3,149,Late,0
Healthcare,Basic,UK,37.0,45.0,1,425,Failed,0
Finance,Enterprise,India,36.0,11.0,2,162,Late,0
Travel,Pro,USA,31.0,42.0,2,179,Failed,1
Education,Enterprise,Germany,2.0,24.0,0,185,Late,0
Technology,Pro,USA,31.0,115.0,4,456,On_time,0
Travel,Basic,India,3.0,118.0,1,106,On_time,0
Healthcare,Enterprise,Australia,21.0,65.0,3,375,On_time,0
Technology,Enterprise,Australia,28.0,45.0,3,250,Late,0
Healthcare,Enterprise,Sri lanka,12.0,,3,286,Late,0
Finance,Basic,India,5.0,99.0,3,193,On_time,0
Travel,Enterprise,UK,37.0,115.0,1,362,Failed,0
Retail,Enterprise,USA,2.0,104.0,4,448,Late,0
Travel,Pro,Australia,21.0,93.0,3,140,Late,0
Travel,Enterprise,India,32.0,26.0,1,244,On_time,0
Education,Pro,Australia,1.0,51.0,2,332,Late,0
Travel,Enterprise,India,35.0,76.0,2,204,Late,0
Technology,Enterprise,USA,3.0,53.0,3,235,Late,0
Healthcare,Basic,Germany,20.0,16.0,0,351,Failed,0
Retail,Pro,UK,,,0,108,Failed,1
Retail,Enterprise,USA,32.0,88.0,0,191,On_time,0
Technology,Pro,Australia,9.0,,1,96,On_time,0
Finance,Pro,India,32.0,114.0,1,344,Failed,1
Healthcare,Basic,India,22.0,80.0,2,282,On_time,0
Technology,Pro,USA,4.0,90.0,0,330,Failed,0
Healthcare,Basic,India,16.0,99.0,1,170,On_time,0
Education,Enterprise,UK,14.0,79.0,5,295,Failed,0
Healthcare,Pro,USA,30.0,19.0,3,308,Late,0
Technology,Basic,India,39.0,104.0,1,208,Failed,1
Technology,Enterprise,Sri lanka,17.0,19.0,2,103,Late,0
Travel,Enterprise,Australia,25.0,68.0,2,419,On_time,0
Healthcare,Basic,UK,26.0,61.0,2,291,Late,0
Technology,Enterprise,Sri lanka,35.0,16.0,2,197,Failed,0
Retail,Pro,USA,36.0,112.0,1,491,Late,0
Healthcare,Basic,Australia,27.0,20.0,1,456,Late,0
Healthcare,Enterprise,India,38.0,3.0,2,120,Failed,1
Education,Basic,UK,6.0,45.0,1,45,Failed,1
Education,Pro,Germany,14.0,54.0,2,334,Late,0
Education,Enterprise,Sri lanka,31.0,29.0,0,292,Failed,0
Healthcare,Pro,Australia,14.0,104.0,1,43,Late,0
Travel,Basic,Sri lanka,27.0,25.0,1,385,Late,0
Finance,Enterprise,USA,18.0,37.0,3,381,Late,0
Technology,Pro,UK,22.0,83.0,1,254,On_time,0
Education,Enterprise,Australia,11.0,31.0,3,34,On_time,0
Healthcare,Basic,UK,31.0,43.0,3,149,Late,0
Finance,Pro,UK,20.0,15.0,2,78,On_time,0
Travel,Pro,USA,26.0,115.0,2,432,Late,0
Education,Pro,Sri lanka,11.0,101.0,1,417,On_time,0
Technology,Pro,Australia,10.0,99.0,2,342,Failed,0
Education,Enterprise,India,39.0,78.0,2,413,Failed,1
Healthcare,Basic,Australia,15.0,83.0,3,170,Failed,0
Finance,Enterprise,USA,13.0,69.0,1,28,Failed,0
Finance,Pro,Germany,35.0,101.0,2,260,Late,0
Technology,Pro,Sri lanka,17.0,43.0,2,415,Late,0
Finance,Pro,Australia,36.0,12.0,1,426,On_time,0
Technology,Basic,USA,29.0,81.0,1,161,Failed,0
Technology,Basic,Germany,30.0,81.0,0,345,Late,0
Healthcare,Enterprise,Germany,24.0,6.0,1,395,Late,1
Healthcare,Basic,UK,24.0,102.0,3,340,On_time,0
Technology,Pro,Australia,18.0,44.0,0,382,On_time,0
Technology,Enterprise,Sri lanka,28.0,104.0,4,112,On_time,0
Retail,Pro,USA,28.0,82.0,4,407,On_time,0
Technology,Basic,Germany,27.0,100.0,2,122,Late,0
Healthcare,Pro,India,26.0,57.0,2,442,Late,0
Education,Enterprise,Sri lanka,39.0,92.0,0,72,On_time,0
Healthcare,Basic,Germany,38.0,4.0,0,383,Failed,0
Retail,Enterprise,USA,25.0,7.0,1,383,Failed,1
Retail,Pro,USA,31.0,111.0,3,342,On_time,0
Travel,Pro,India,23.0,7.0,2,422,Late,0
Healthcare,Enterprise,UK,9.0,,1,192,On_time,0
Education,Basic,USA,25.0,116.0,0,300,On_time,0
Healthcare,Enterprise,Sri lanka,19.0,39.0,1,123,Late,0
Finance,Basic,Australia,10.0,63.0,1,303,On_time,0
Retail,Basic,India,21.0,111.0,4,485,Failed,0
Education,Enterprise,Germany,11.0,48.0,2,443,Late,0
Technology,Enterprise,India,29.0,94.0,5,265,Late,0
Healthcare,Pro,India,33.0,111.0,4,308,Failed,0
Travel,Enterprise,USA,40.0,32.0,4,438,Late,0
Retail,Enterprise,Germany,7.0,79.0,3,458,Failed,0
Finance,Pro,Sri lanka,24.0,98.0,2,254,Failed,0
Healthcare,Pro,Sri lanka,35.0,49.0,1,440,Failed,1
Education,Enterprise,USA,27.0,92.0,3,194,Late,0
Healthcare,Pro,Australia,16.0,93.0,3,360,Late,0
Finance,Basic,Germany,5.0,10.0,3,258,On_time,0
Retail,Enterprise,India,8.0,10.0,3,196,On_time,0
Travel,Enterprise,Germany,25.0,11.0,1,72,Late,0
Education,Basic,UK,26.0,78.0,1,75,Late,0
Healthcare,Pro,Australia,4.0,30.0,1,199,Failed,1
Travel,Basic,USA,31.0,102.0,2,41,Late,0
Retail,Pro,USA,29.0,75.0,3,26,On_time,0
Healthcare,Pro,USA,39.0,106.0,4,394,Late,0
Retail,Pro,India,36.0,89.0,1,160,On_time,0
Finance,Enterprise,USA,31.0,93.0,2,251,On_time,0
Retail,Enterprise,Germany,15.0,33.0,5,352,Late,0
Technology,Enterprise,UK,21.0,109.0,5,118,Failed,0
Travel,Basic,Sri lanka,39.0,71.0,3,105,On_time,0
Healthcare,Basic,Germany,8.0,81.0,2,223,On_time,0
Finance,Enterprise,Australia,27.0,112.0,3,273,Failed,1
Education,Pro,UK,29.0,114.0,1,38,On_time,0
Education,Enterprise,Australia,8.0,38.0,1,119,On_time,0
Technology,Pro,UK,26.0,31.0,2,92,Failed,0
Travel,Basic,Germany,39.0,42.0,4,255,Failed,1
Technology,Basic,India,35.0,98.0,1,337,Late,0
Retail,Enterprise,India,5.0,82.0,3,434,On_time,0
Healthcare,Basic,Australia,10.0,56.0,1,89,Late,0
Technology,Basic,India,20.0,5.0,5,295,Failed,1
Travel,Pro,UK,14.0,39.0,2,180,Failed,0
Travel,Pro,USA,31.0,54.0,1,397,On_time,0
Education,Enterprise,India,23.0,46.0,1,208,On_time,0
Healthcare,Enterprise,UK,3.0,38.0,6,64,On_time,0
Travel,Basic,India,27.0,59.0,3,286,Failed,1
Retail,Basic,India,38.0,70.0,4,457,Failed,0
Technology,Basic,Germany,12.0,85.0,3,322,Failed,1
Healthcare,Pro,Germany,6.0,16.0,3,196,On_time,0
Retail,Enterprise,India,12.0,109.0,1,148,Late,0
Healthcare,Enterprise,Sri lanka,36.0,21.0,0,43,Late,0
Technology,Basic,UK,25.0,7.0,2,244,Failed,1
Healthcare,Pro,Germany,7.0,24.0,0,31,On_time,0
Retail,Basic,USA,35.0,63.0,2,102,Late,0
Travel,Enterprise,USA,37.0,39.0,2,350,Failed,0
Technology,Pro,India,,93.0,4,378,Failed,0
Finance,Basic,UK,4.0,75.0,6,411,Late,0
Healthcare,Pro,India,13.0,101.0,3,90,On_time,0
Healthcare,Pro,UK,39.0,83.0,4,132,Failed,0
Travel,Enterprise,Australia,37.0,61.0,1,172,On_time,0
Education,Basic,USA,33.0,65.0,1,111,On_time,0
Travel,Enterprise,Sri lanka,11.0,97.0,2,214,Late,0
Healthcare,Enterprise,Sri lanka,18.0,105.0,2,112,Failed,0
Retail,Pro,UK,36.0,101.0,3,361,Failed,1
Technology,Basic,India,5.0,4.0,3,108,Failed,0
Healthcare,Basic,Sri lanka,26.0,55.0,2,356,Failed,1
Retail,Enterprise,Sri lanka,21.0,46.0,3,363,On_time,0
Travel,Enterprise,Australia,3.0,89.0,4,132,Failed,1
Travel,Enterprise,Germany,27.0,13.0,0,237,Late,0
Healthcare,Basic,India,13.0,27.0,1,342,Failed,1
Education,Enterprise,USA,30.0,99.0,1,175,On_time,0
Retail,Basic,USA,29.0,43.0,3,222,Failed,0
Healthcare,Enterprise,India,34.0,74.0,4,174,Late,0
Technology,Basic,India,37.0,6.0,4,475,Late,0
Healthcare,Enterprise,USA,24.0,48.0,5,441,Failed,0
Technology,Pro,USA,11.0,12.0,3,308,On_time,0
Healthcare,Pro,UK,13.0,18.0,1,220,Failed,0
Education,Basic,Sri lanka,31.0,55.0,1,405,Failed,0
Finance,Pro,India,38.0,15.0,3,290,On_time,0
Travel,Basic,USA,28.0,10.0,2,418,On_time,0
Travel,Enterprise,USA,18.0,82.0,1,379,Late,0
Technology,Pro,Sri lanka,20.0,98.0,1,113,Late,0
Finance,Pro,Sri lanka,5.0,11.0,3,80,Late,0
Finance,Pro,Sri lanka,23.0,,3,305,On_time,0
Travel,Enterprise,Australia,33.0,24.0,2,370,Late,0
Travel,Basic,India,13.0,80.0,2,355,Late,0
Finance,Basic,USA,38.0,110.0,2,48,Late,0
Healthcare,Enterprise,UK,37.0,81.0,0,314,Late,0
Technology,Pro,Sri lanka,28.0,29.0,1,206,On_time,0
Healthcare,Basic,Australia,14.0,76.0,5,141,On_time,0
Retail,Enterprise,Sri lanka,2.0,81.0,3,309,On_time,0
Technology,Enterprise,Australia,1.0,73.0,1,399,Failed,1
Finance,Pro,India,40.0,45.0,0,124,Failed,0
Retail,Basic,Australia,,18.0,3,145,Failed,0
Technology,Pro,Sri lanka,7.0,80.0,2,230,On_time,0
Healthcare,Enterprise,UK,37.0,81.0,2,400,On_time,0
Education,Pro,Australia,33.0,66.0,2,221,Failed,0
Education,Basic,USA,24.0,4.0,2,272,Late,0
Technology,Basic,Australia,24.0,66.0,1,220,Late,0
Technology,Basic,Australia,28.0,35.0,4,290,Failed,0
Healthcare,Basic,Australia,35.0,57.0,1,339,Failed,1
Technology,Enterprise,Germany,23.0,71.0,2,409,Failed,0
Technology,Enterprise,Germany,34.0,63.0,1,244,On_time,0
Finance,Pro,Germany,6.0,37.0,4,354,On_time,0
Travel,Enterprise,Sri lanka,8.0,26.0,2,227,Failed,1
Healthcare,Enterprise,Australia,22.0,76.0,1,445,On_time,0
Technology,Pro,Germany,37.0,29.0,2,276,On_time,0
Finance,Pro,USA,39.0,21.0,2,157,Late,0
Travel,Enterprise,India,23.0,105.0,4,359,Late,0
Finance,Pro,Australia,1.0,77.0,2,242,Failed,1
Retail,Enterprise,India,23.0,112.0,1,373,On_time,0
Technology,Basic,UK,13.0,14.0,0,317,On_time,0
Technology,Enterprise,USA,32.0,99.0,6,217,On_time,0
Education,Pro,Australia,30.0,95.0,0,39,On_time,0
Education,Basic,India,9.0,2.0,0,151,Late,0
Healthcare,Pro,Australia,36.0,54.0,7,369,On_time,1
Travel,Basic,UK,2.0,32.0,2,451,Late,1
Education,Enterprise,Australia,13.0,15.0,3,185,Late,0
Healthcare,Pro,USA,,117.0,2,197,Late,0
Travel,Enterprise,USA,10.0,98.0,0,220,On_time,0
Retail,Basic,USA,31.0,42.0,2,215,Late,0
Retail,Enterprise,Germany,26.0,111.0,3,338,Late,0
Finance,Enterprise,USA,29.0,75.0,4,364,On_time,0
Finance,Pro,Sri lanka,19.0,31.0,0,188,Late,0
Education,Enterprise,India,36.0,23.0,2,92,Late,0
Technology,Pro,UK,28.0,77.0,1,104,Late,0
Education,Pro,UK,32.0,54.0,1,131,On_time,0
Finance,Pro,USA,2.0,102.0,2,124,Late,0
Technology,Basic,Sri lanka,1.0,105.0,0,151,Failed,1
Finance,Basic,India,35.0,10.0,0,289,On_time,0
Healthcare,Pro,UK,38.0,12.0,1,469,Late,0
Travel,Enterprise,India,11.0,41.0,5,189,On_time,0
Healthcare,Enterprise,UK,18.0,30.0,4,255,Late,0
Finance,Basic,Australia,22.0,,2,369,Failed,0
Healthcare,Pro,India,21.0,76.0,2,194,On_time,0
Travel,Pro,Sri lanka,11.0,52.0,3,447,Late,0
Finance,Pro,USA,27.0,85.0,4,348,Late,0
Retail,Basic,India,13.0,48.0,2,495,Late,0
Finance,Basic,India,19.0,88.0,3,285,Failed,0
Travel,Enterprise,UK,22.0,77.0,3,371,On_time,0
Education,Pro,Germany,33.0,17.0,1,465,On_time,0
Finance,Pro,Germany,16.0,66.0,2,144,Late,0
Retail,Basic,Germany,12.0,84.0,2,82,Failed,0
Travel,Enterprise,Australia,33.0,30.0,3,225,On_time,0
Finance,Pro,UK,30.0,97.0,2,253,On_time,0
Retail,Enterprise,Sri lanka,38.0,46.0,2,242,On_time,0
Travel,Enterprise,India,25.0,52.0,1,85,On_time,0
Travel,Basic,Australia,22.0,20.0,2,332,Failed,0
Education,Basic,India,23.0,5.0,2,195,On_time,0
Retail,Basic,USA,15.0,65.0,1,289,Failed,0
Healthcare,Enterprise,Australia,36.0,82.0,2,130,Failed,0
Healthcare,Basic,Germany,1.0,91.0,2,102,Late,0
Education,Basic,India,29.0,15.0,1,95,On_time,0
Healthcare,Pro,Australia,30.0,20.0,1,60,Late,0
Retail,Pro,USA,39.0,26.0,1,488,Failed,0
Technology,Pro,Sri lanka,16.0,9.0,1,339,Late,0
Finance,Enterprise,Germany,17.0,38.0,4,226,Late,0
Technology,Pro,Sri lanka,4.0,33.0,0,262,Failed,1
Finance,Pro,Germany,10.0,100.0,3,421,Failed,0
Retail,Basic,India,30.0,108.0,1,44,On_time,0
Retail,Basic,UK,12.0,21.0,2,209,Late,0
Finance,Basic,India,25.0,99.0,1,276,Failed,1
Healthcare,Pro,India,17.0,25.0,2,166,On_time,0
Technology,Enterprise,India,23.0,9.0,1,308,On_time,1
Education,Enterprise,Sri lanka,2.0,14.0,2,226,Failed,0
Travel,Basic,India,26.0,47.0,2,202,Failed,0
Education,Enterprise,UK,15.0,83.0,1,93,Failed,0
Education,Basic,Germany,35.0,87.0,2,466,On_time,0
Finance,Enterprise,UK,29.0,65.0,0,82,Failed,0
Education,Pro,Australia,32.0,97.0,3,226,Failed,1
Technology,Basic,UK,13.0,66.0,1,107,Late,0
Healthcare,Pro,Germany,11.0,59.0,1,430,Failed,0
Healthcare,Pro,Australia,9.0,52.0,2,157,Failed,0
Retail,Enterprise,UK,37.0,93.0,0,313,Failed,1
Healthcare,Basic,USA,39.0,113.0,4,354,On_time,0
Finance,Enterprise,Australia,31.0,7.0,0,285,On_time,0
Travel,Enterprise,UK,10.0,112.0,3,318,On_time,0
Retail,Basic,Australia,15.0,85.0,3,381,On_time,0
Retail,Enterprise,India,28.0,23.0,1,319,On_time,0
Education,Enterprise,USA,22.0,24.0,1,180,Late,0
Healthcare,Pro,Germany,16.0,22.0,1,382,Late,0
Healthcare,Pro,Sri lanka,18.0,71.0,4,254,On_time,0
Retail,Enterprise,Australia,9.0,31.0,1,150,Failed,0
Healthcare,Basic,UK,35.0,97.0,2,396,Late,0
Travel,Pro,USA,35.0,15.0,2,372,Failed,0
Finance,Enterprise,Sri lanka,32.0,52.0,2,211,Failed,0
Healthcare,Pro,UK,15.0,78.0,2,92,On_time,0
Finance,Enterprise,Germany,37.0,84.0,3,92,On_time,0
Technology,Enterprise,Germany,32.0,53.0,2,363,On_time,0
Finance,Basic,India,13.0,43.0,3,45,Failed,1
Travel,Enterprise,India,28.0,110.0,2,292,On_time,0
Travel,Basic,USA,4.0,44.0,0,142,Late,0
Retail,Basic,Australia,29.0,68.0,2,108,On_time,0
Retail,Pro,India,6.0,26.0,1,165,Late,0
Travel,Pro,Sri lanka,1.0,61.0,3,290,Late,0
Finance,Pro,UK,8.0,38.0,2,157,On_time,0
Healthcare,Enterprise,Sri lanka,38.0,78.0,2,242,Late,0
Education,Enterprise,UK,7.0,83.0,3,67,Late,0
Technology,Enterprise,Sri lanka,40.0,6.0,1,222,Failed,0
Healthcare,Basic,India,5.0,57.0,0,346,Late,0
Travel,Pro,Australia,27.0,47.0,2,384,Late,0
Travel,Basic,Germany,26.0,86.0,2,132,Late,0
Finance,Pro,Australia,18.0,43.0,0,368,Failed,0
Technology,Basic,Germany,39.0,10.0,2,406,Late,0
Finance,Pro,India,14.0,58.0,3,375,On_time,0
Education,Basic,Australia,24.0,27.0,1,186,On_time,0
Healthcare,Enterprise,USA,15.0,26.0,1,268,On_time,0
Healthcare,Basic,UK,1.0,107.0,2,81,Late,1
Retail,Enterprise,Australia,17.0,36.0,6,233,On_time,0
Education,Pro,UK,31.0,86.0,0,366,On_time,0
Travel,Pro,USA,14.0,47.0,1,307,On_time,0
Technology,Pro,Germany,34.0,64.0,0,67,Failed,1
Education,Pro,USA,10.0,114.0,5,480,Failed,0
Technology,Enterprise,Germany,28.0,33.0,6,235,Failed,1
Healthcare,Enterprise,USA,6.0,89.0,0,276,Late,0
Finance,Pro,UK,32.0,106.0,2,432,Late,0
Education,Pro,Germany,2.0,73.0,0,463,Failed,1
Finance,Enterprise,Australia,36.0,61.0,1,423,On_time,0
Travel,Enterprise,USA,3.0,43.0,2,65,Failed,1
Technology,Basic,USA,15.0,33.0,1,249,On_time,0
Retail,Pro,Australia,24.0,64.0,0,113,Late,0
Technology,Pro,India,34.0,65.0,2,401,Late,0
Finance,Pro,USA,25.0,92.0,1,46,On_time,0
Travel,Pro,Australia,22.0,74.0,2,434,Failed,1
Travel,Pro,UK,32.0,32.0,4,154,On_time,0
Travel,Enterprise,Germany,4.0,91.0,2,487,On_time,0
Technology,Pro,USA,36.0,54.0,3,380,Failed,1
Retail,Enterprise,UK,38.0,22.0,4,355,On_time,0
Travel,Pro,USA,16.0,85.0,1,141,Late,0
Finance,Pro,USA,17.0,45.0,2,175,On_time,0
Education,Enterprise,Germany,1.0,44.0,3,464,Failed,1
Education,Enterprise,USA,9.0,77.0,1,398,On_time,0
Education,Enterprise,India,2.0,106.0,1,189,On_time,1
Education,Enterprise,UK,13.0,57.0,1,177,Failed,1
Healthcare,Enterprise,Australia,13.0,19.0,5,261,Late,0
Retail,Basic,Australia,11.0,31.0,0,99,Failed,1
Retail,Enterprise,Germany,11.0,33.0,2,195,On_time,0
Education,Basic,Sri lanka,14.0,92.0,2,493,Late,0
Education,Enterprise,UK,6.0,107.0,1,114,Late,0
Education,Pro,Sri lanka,12.0,23.0,3,278,On_time,0
Technology,Basic,Sri lanka,24.0,55.0,0,442,On_time,0
Education,Enterprise,India,26.0,68.0,1,40,Late,0
Healthcare,Basic,Germany,19.0,21.0,3,179,On_time,0
Education,Pro,Germany,10.0,64.0,2,456,On_time,0
Technology,Basic,Sri lanka,4.0,79.0,0,470,Failed,1
Healthcare,Enterprise,Sri lanka,10.0,47.0,2,339,On_time,0
Finance,Pro,Australia,31.0,,0,150,On_time,0
Travel,Enterprise,Germany,3.0,37.0,1,119,On_time,1
Finance,Enterprise,Sri lanka,29.0,90.0,0,289,Late,0
Healthcare,Enterprise,India,27.0,33.0,2,170,Late,0
Education,Pro,UK,4.0,21.0,3,313,Failed,0
Technology,Enterprise,Germany,24.0,11.0,4,166,Late,0
Finance,Pro,Germany,22.0,78.0,1,63,Late,0
Finance,Enterprise,Sri lanka,16.0,97.0,3,436,Failed,0
Finance,Pro,USA,33.0,29.0,1,50,Failed,0
Education,Enterprise,Germany,25.0,112.0,2,93,On_time,0
Technology,Pro,USA,31.0,,2,431,Late,0
Finance,Enterprise,Germany,19.0,87.0,3,139,On_time,0
Education,Pro,Australia,3.0,61.0,1,489,Failed,1
Finance,Basic,Australia,23.0,30.0,1,328,Failed,1
Travel,Pro,Australia,7.0,97.0,2,455,Failed,1
Technology,Enterprise,USA,4.0,34.0,3,404,On_time,0
Healthcare,Enterprise,India,4.0,39.0,5,402,Late,1
Retail,Enterprise,Germany,26.0,87.0,2,340,Late,0
Technology,Enterprise,India,9.0,3.0,5,245,Late,0
Finance,Basic,UK,33.0,114.0,2,146,Failed,0
Travel,Pro,Sri lanka,21.0,19.0,1,436,Failed,0
Finance,Pro,USA,32.0,64.0,3,28,Failed,1
Travel,Pro,USA,25.0,89.0,5,108,On_time,0
Finance,Pro,Sri lanka,38.0,68.0,5,242,Failed,0
Education,Pro,USA,37.0,109.0,2,147,Late,0
Finance,Basic,Germany,26.0,96.0,2,308,On_time,0
Healthcare,Basic,India,31.0,55.0,1,347,Late,0
Education,Basic,UK,32.0,57.0,1,38,Failed,0
Education,Enterprise,UK,20.0,56.0,1,211,Failed,0
Finance,Pro,India,4.0,91.0,4,297,Late,0
Retail,Enterprise,UK,9.0,9.0,0,292,On_time,1
Education,Pro,India,8.0,80.0,2,25,Late,0
Finance,Basic,Sri lanka,5.0,59.0,5,344,Failed,0
Finance,Enterprise,Sri lanka,40.0,83.0,1,52,Late,0
Retail,Pro,India,18.0,57.0,5,387,Failed,0
Travel,Pro,India,25.0,32.0,1,327,On_time,0
Education,Basic,Sri lanka,29.0,16.0,0,248,On_time,0
Finance,Enterprise,India,27.0,89.0,1,287,On_time,0
Education,Basic,Australia,3.0,99.0,2,412,Late,0
Travel,Pro,India,18.0,50.0,0,366,Failed,0
Technology,Enterprise,UK,36.0,45.0,3,42,Failed,0
Education,Basic,India,39.0,94.0,0,464,On_time,0
Education,Pro,India,23.0,27.0,0,492,Late,0
Education,Pro,Germany,13.0,16.0,0,202,On_time,0
Retail,Pro,USA,37.0,61.0,2,68,On_time,0
Technology,Enterprise,Sri lanka,9.0,52.0,1,264,Late,0
Technology,Enterprise,USA,22.0,43.0,5,398,On_time,0
Healthcare,Pro,India,7.0,87.0,3,108,On_time,0
Healthcare,Basic,Sri lanka,19.0,80.0,4,66,Late,0
Finance,Basic,Australia,8.0,43.0,4,276,On_time,0
Finance,Pro,India,23.0,104.0,4,378,Failed,1
Retail,Basic,USA,18.0,75.0,1,315,Late,0
Travel,Basic,UK,1.0,29.0,0,396,Failed,1
Technology,Enterprise,Germany,31.0,19.0,2,254,Late,0
Education,Enterprise,USA,26.0,80.0,1,180,Late,0
Technology,Basic,Germany,5.0,101.0,0,106,Failed,0
Travel,Basic,India,14.0,104.0,0,358,Late,0
Finance,Basic,India,4.0,94.0,2,225,Late,0
Education,Basic,USA,,112.0,0,298,Late,0
Technology,Basic,USA,27.0,70.0,5,41,Failed,0
Finance,Pro,India,29.0,66.0,1,94,Late,0
Finance,Enterprise,Sri lanka,17.0,55.0,2,350,Late,0
Retail,Basic,India,8.0,9.0,1,345,Late,0
Education,Basic,Sri lanka,21.0,90.0,2,131,On_time,0
Finance,Pro,UK,37.0,56.0,2,444,Late,0
Education,Enterprise,Sri lanka,2.0,25.0,0,208,Late,0
Retail,Basic,USA,2.0,42.0,1,156,Failed,1
Healthcare,Pro,Australia,36.0,105.0,5,357,Late,0
Education,Pro,UK,16.0,15.0,0,288,Late,0
Healthcare,Enterprise,UK,7.0,17.0,4,457,Late,0
Technology,Enterprise,Germany,29.0,22.0,1,269,On_time,0
Healthcare,Enterprise,UK,35.0,119.0,5,247,Failed,0
Technology,Pro,Germany,25.0,44.0,0,59,Late,0
Travel,Enterprise,Australia,7.0,46.0,3,398,Late,0
Technology,Enterprise,Sri lanka,19.0,60.0,3,303,Late,0
Finance,Enterprise,India,6.0,70.0,1,273,Late,0
Education,Basic,Germany,33.0,16.0,3,344,Late,0
Education,Enterprise,Australia,37.0,31.0,3,396,Late,0
Education,Basic,UK,39.0,113.0,3,78,Late,0
Travel,Pro,India,2.0,97.0,1,210,On_time,0
Healthcare,Pro,Australia,32.0,,2,264,Failed,1
Travel,Enterprise,USA,35.0,94.0,2,343,Late,0
Healthcare,Enterprise,USA,25.0,48.0,1,407,Failed,0
Education,Enterprise,Australia,38.0,117.0,1,248,On_time,0
Education,Enterprise,UK,22.0,62.0,3,32,On_time,0
Retail,Basic,USA,35.0,43.0,4,410,Failed,0
Education,Enterprise,Sri lanka,36.0,41.0,3,254,Failed,1
Education,Enterprise,Sri lanka,37.0,66.0,4,242,Late,0
Education,Basic,Sri lanka,16.0,106.0,0,447,Failed,0
Education,Enterprise,Australia,6.0,92.0,2,146,Failed,0
Travel,Enterprise,Australia,9.0,7.0,3,420,On_time,1
Education,Pro,UK,2.0,79.0,3,263,Failed,0
Education,Pro,Australia,6.0,38.0,1,235,Late,0
Education,Enterprise,Australia,28.0,99.0,0,438,Late,0
Technology,Pro,India,16.0,79.0,1,387,Failed,0
Technology,Basic,Australia,27.0,,0,192,Failed,0
Finance,Basic,Australia,35.0,28.0,4,116,On_time,0
Finance,Basic,Germany,19.0,55.0,2,368,Failed,0
Education,Enterprise,UK,24.0,80.0,4,214,On_time,0
Retail,Enterprise,UK,15.0,1.0,4,368,Late,0
Education,Enterprise,India,38.0,97.0,2,394,Failed,0
Travel,Basic,Australia,17.0,36.0,1,264,On_time,0
Technology,Enterprise,UK,40.0,97.0,0,375,Late,0
Finance,Pro,USA,5.0,87.0,2,458,Failed,0
Education,Basic,UK,19.0,77.0,2,170,Failed,0
Retail,Enterprise,Sri lanka,10.0,54.0,2,255,Failed,0
Travel,Basic,Germany,,44.0,4,482,Late,0
Finance,Basic,India,38.0,3.0,5,240,On_time,0
Healthcare,Enterprise,USA,24.0,116.0,2,74,Late,0
Technology,Pro,India,29.0,30.0,2,241,On_time,0
Finance,Enterprise,USA,30.0,3.0,2,396,Late,1
Travel,Basic,Sri lanka,,117.0,0,96,Failed,1
Finance,Pro,Sri lanka,15.0,54.0,1,110,Late,0
Travel,Pro,Germany,27.0,8.0,2,368,Late,1
Healthcare,Pro,Sri lanka,35.0,61.0,3,223,Failed,1
Retail,Basic,India,11.0,2.0,3,362,On_time,0
Education,Basic,India,20.0,25.0,2,173,Late,0
Healthcare,Basic,UK,23.0,56.0,0,295,On_time,0
Healthcare,Enterprise,Germany,2.0,88.0,1,97,Failed,1
Travel,Basic,Germany,4.0,113.0,2,219,Late,1
Travel,Enterprise,USA,2.0,6.0,3,150,On_time,0
Retail,Basic,Germany,32.0,20.0,3,359,Failed,1
Education,Pro,Sri lanka,8.0,71.0,3,240,On_time,0
Finance,Enterprise,Australia,25.0,63.0,4,282,Failed,1
Retail,Pro,Australia,17.0,65.0,1,290,On_time,0
Education,Basic,Sri lanka,33.0,62.0,2,95,Late,0
Education,Pro,India,19.0,25.0,4,155,On_time,0
Technology,Enterprise,Germany,4.0,5.0,3,145,Late,1
Healthcare,Basic,UK,21.0,101.0,1,282,Failed,1
Education,Basic,Germany,16.0,17.0,1,94,Failed,1
Retail,Enterprise,USA,34.0,33.0,3,373,On_time,0
Finance,Pro,Germany,15.0,10.0,2,36,Late,0
Finance,Basic,Australia,9.0,114.0,0,483,Failed,1
Retail,Enterprise,UK,36.0,48.0,3,265,Late,0
Retail,Pro,UK,22.0,77.0,3,496,On_time,0
Healthcare,Pro,USA,3.0,52.0,2,327,Failed,1
Travel,Pro,India,26.0,76.0,1,343,Failed,0
Education,Pro,India,28.0,71.0,2,365,Failed,1
Healthcare,Pro,Australia,14.0,,1,129,Late,0
Technology,Enterprise,USA,22.0,68.0,2,419,On_time,0
Healthcare,Basic,UK,25.0,112.0,2,124,Failed,0
Healthcare,Basic,UK,4.0,25.0,1,142,On_time,0
Retail,Pro,Sri lanka,26.0,61.0,0,373,Late,0
Education,Pro,India,9.0,76.0,4,343,Failed,0
Healthcare,Enterprise,Germany,9.0,93.0,2,253,On_time,0
Education,Enterprise,Sri lanka,10.0,6.0,2,398,Failed,1
Technology,Enterprise,Germany,25.0,59.0,2,67,Failed,0
Retail,Enterprise,USA,32.0,51.0,1,439,Late,0
Travel,Pro,UK,6.0,43.0,3,388,On_time,0
Technology,Pro,UK,17.0,47.0,0,73,Late,0
Education,Pro,Sri lanka,31.0,19.0,0,368,Late,0
Retail,Enterprise,USA,1.0,68.0,1,422,Failed,1
Retail,Enterprise,USA,6.0,1.0,2,300,Late,0
Retail,Pro,India,19.0,93.0,2,90,Failed,0
Healthcare,Basic,Australia,17.0,61.0,3,312,Late,0
Retail,Enterprise,Sri lanka,18.0,62.0,1,219,Late,0
Retail,Enterprise,USA,24.0,77.0,2,409,Failed,0
Retail,Enterprise,India,35.0,33.0,3,467,Failed,0
Education,Basic,India,1.0,63.0,7,301,Failed,1
Travel,Enterprise,UK,19.0,111.0,3,282,On_time,0
Technology,Pro,UK,35.0,15.0,2,270,Late,0
Education,Enterprise,USA,15.0,86.0,1,363,Failed,1
Travel,Enterprise,Australia,21.0,71.0,2,307,Late,0
Finance,Basic,Germany,5.0,62.0,1,100,Failed,1
Travel,Basic,USA,24.0,66.0,2,312,On_time,0
Finance,Pro,Germany,37.0,101.0,0,310,Late,0
Education,Pro,UK,23.0,28.0,1,263,Failed,0
Education,Enterprise,UK,36.0,33.0,1,292,Failed,0
Education,Basic,UK,40.0,7.0,2,178,Late,0
Education,Pro,UK,12.0,48.0,0,230,Late,0
Retail,Basic,Australia,10.0,39.0,3,141,Late,0
Healthcare,Pro,India,14.0,75.0,0,221,Late,0
Retail,Pro,Australia,29.0,73.0,1,203,Failed,1
Retail,Basic,Sri lanka,31.0,17.0,1,448,Late,0
Travel,Pro,India,24.0,9.0,0,38,Failed,1
Technology,Pro,USA,39.0,6.0,3,32,On_time,0
Retail,Enterprise,Australia,12.0,85.0,2,88,On_time,0
Finance,Enterprise,USA,37.0,12.0,3,320,Late,0
Education,Basic,Sri lanka,39.0,106.0,2,479,On_time,0
Finance,Pro,Australia,1.0,44.0,9,406,Failed,1
Technology,Basic,Australia,25.0,91.0,1,327,Failed,0
Technology,Pro,USA,39.0,89.0,2,113,Late,0
Finance,Pro,India,19.0,53.0,0,424,Late,0
Travel,Pro,UK,36.0,40.0,4,197,Failed,0
Finance,Pro,India,4.0,,1,360,Failed,0
Retail,Pro,Germany,26.0,107.0,1,483,On_time,0
Finance,Basic,India,26.0,117.0,1,153,On_time,0
Healthcare,Enterprise,UK,8.0,71.0,0,328,On_time,0
Finance,Basic,India,14.0,16.0,0,348,Failed,0
Finance,Enterprise,Sri lanka,10.0,81.0,1,254,On_time,0
Travel,Pro,UK,29.0,70.0,4,440,Failed,0
Finance,Enterprise,Germany,21.0,4.0,4,84,Late,0
Finance,Pro,USA,29.0,52.0,3,117,Failed,0
Education,Basic,Germany,11.0,27.0,1,262,On_time,0
Retail,Pro,UK,18.0,77.0,1,159,Late,0
Retail,Enterprise,Sri lanka,30.0,31.0,3,198,On_time,0
Healthcare,Basic,Australia,7.0,109.0,0,38,Failed,0
Retail,Pro,Germany,19.0,100.0,1,183,Late,0
Travel,Basic,Australia,38.0,40.0,5,493,Failed,0
Travel,Pro,Australia,14.0,103.0,3,57,Failed,0
Education,Enterprise,Sri lanka,1.0,68.0,3,327,Failed,1
Education,Enterprise,Australia,8.0,107.0,1,216,Late,0
Travel,Basic,UK,20.0,14.0,4,398,Failed,0
Travel,Enterprise,Germany,5.0,77.0,1,274,On_time,0
Finance,Basic,Germany,11.0,53.0,0,443,Failed,0
Healthcare,Enterprise,Australia,32.0,88.0,1,247,On_time,0
Retail,Basic,India,27.0,84.0,1,264,Late,0
Travel,Enterprise,India,28.0,,2,161,Late,0
Finance,Basic,UK,8.0,48.0,0,99,Failed,0
Technology,Basic,Sri lanka,,7.0,6,107,On_time,0
Finance,Pro,Australia,33.0,16.0,3,289,Failed,0
Education,Pro,India,30.0,53.0,2,409,Failed,0
Healthcare,Pro,Sri lanka,33.0,44.0,1,320,Late,0
Technology,Basic,India,40.0,59.0,1,372,Failed,0
Retail,Basic,UK,39.0,47.0,2,43,Late,0
Travel,Basic,India,15.0,36.0,2,481,On_time,0
Healthcare,Pro,Germany,,36.0,1,443,On_time,0
Retail,Enterprise,Sri lanka,29.0,27.0,1,363,On_time,0
Education,Basic,UK,21.0,33.0,1,326,Failed,0
Healthcare,Enterprise,Australia,15.0,95.0,2,206,Late,0
Finance,Pro,Sri lanka,6.0,29.0,0,79,On_time,0
Education,Enterprise,UK,22.0,24.0,1,197,Late,0
Retail,Pro,Australia,11.0,56.0,1,255,On_time,0
Travel,Pro,Germany,21.0,82.0,1,480,Failed,1
Healthcare,Enterprise,USA,12.0,62.0,2,27,On_time,0
Retail,Pro,UK,9.0,91.0,4,452,On_time,0
Finance,Enterprise,Australia,37.0,57.0,1,417,On_time,0
Retail,Basic,Australia,4.0,53.0,4,254,On_time,0
Technology,Basic,Germany,40.0,7.0,4,259,Failed,1
Finance,Basic,Germany,15.0,93.0,0,401,Late,0
Finance,Basic,Germany,21.0,15.0,2,82,On_time,0
Healthcare,Pro,UK,4.0,,2,476,Failed,1
Technology,Basic,USA,7.0,117.0,3,355,On_time,0
Healthcare,Basic,India,30.0,4.0,1,261,Late,1
Finance,Enterprise,USA,21.0,70.0,1,472,Late,0
Travel,Enterprise,Germany,9.0,84.0,1,150,Failed,1
Education,Basic,India,9.0,100.0,1,82,On_time,0
Finance,Basic,Germany,23.0,34.0,4,279,On_time,0
Retail,Pro,Sri lanka,24.0,31.0,1,350,Failed,0
Technology,Basic,USA,37.0,,2,301,Late,0
Finance,Basic,USA,31.0,26.0,1,236,On_time,0
Finance,Pro,Germany,22.0,15.0,0,203,On_time,0
Retail,Pro,Germany,10.0,20.0,1,456,Failed,0
Education,Enterprise,Germany,1.0,2.0,0,465,Failed,1
Healthcare,Pro,India,14.0,72.0,4,79,Late,0
Education,Enterprise,USA,28.0,57.0,5,475,Late,0
Technology,Basic,Sri lanka,19.0,118.0,2,147,On_time,0
Technology,Basic,USA,35.0,107.0,4,299,Late,0
Technology,Basic,Sri lanka,13.0,96.0,1,460,On_time,0
Technology,Basic,India,34.0,37.0,4,205,Failed,1
Travel,Enterprise,India,14.0,98.0,2,394,Late,0
Education,Pro,Sri lanka,26.0,16.0,3,456,On_time,0
Technology,Pro,Germany,8.0,78.0,2,42,Failed,0
Technology,Enterprise,Germany,18.0,46.0,0,45,Late,0
Technology,Enterprise,USA,10.0,47.0,1,154,On_time,0
Healthcare,Enterprise,USA,16.0,31.0,1,175,On_time,0
Education,Enterprise,Sri lanka,19.0,101.0,6,41,Late,0
Finance,Basic,Germany,22.0,,1,319,Failed,1
Retail,Basic,Sri lanka,40.0,97.0,1,93,Late,0
Travel,Pro,India,22.0,81.0,1,219,Failed,0
Finance,Enterprise,Sri lanka,20.0,76.0,4,233,Failed,0
Education,Basic,UK,37.0,77.0,2,443,Late,0
Technology,Basic,UK,37.0,98.0,5,63,Late,0
Retail,Enterprise,Australia,28.0,37.0,7,452,Late,0
Technology,Pro,Sri lanka,24.0,24.0,2,93,Failed,1
Finance,Enterprise,Sri lanka,8.0,64.0,2,149,Late,0
Healthcare,Pro,USA,8.0,13.0,3,149,Late,0
Travel,Pro,Australia,12.0,64.0,5,467,On_time,0
Finance,Basic,USA,17.0,78.0,2,121,Late,0
Retail,Pro,USA,25.0,86.0,1,40,On_time,0
Retail,Basic,UK,30.0,92.0,1,254,Late,0
Healthcare,Basic,Australia,22.0,21.0,1,65,Failed,0
Education,Pro,USA,9.0,17.0,3,211,Late,0
Retail,Pro,USA,6.0,53.0,1,193,On_time,0
Healthcare,Pro,Sri lanka,40.0,14.0,1,71,On_time,0
Technology,Enterprise,Australia,26.0,53.0,3,438,On_time,0
Finance,Pro,India,31.0,53.0,0,205,Late,0
Finance,Basic,Germany,5.0,16.0,0,377,On_time,0
Retail,Enterprise,UK,32.0,52.0,1,487,Late,0
Healthcare,Pro,Germany,18.0,1.0,1,447,On_time,0
Technology,Basic,Sri lanka,40.0,6.0,4,152,On_time,0
Healthcare,Enterprise,Sri lanka,40.0,34.0,0,320,Late,0
Travel,Pro,UK,7.0,80.0,0,97,Failed,0
Finance,Basic,Australia,14.0,44.0,3,179,Failed,0
Retail,Enterprise,UK,3.0,39.0,0,233,Late,1
Finance,Pro,Sri lanka,6.0,112.0,2,355,Failed,0
Finance,Pro,Germany,11.0,32.0,1,328,On_time,0
Healthcare,Pro,Sri lanka,12.0,56.0,3,352,Late,0
Technology,Enterprise,Australia,40.0,30.0,2,375,On_time,0
Retail,Pro,Sri lanka,30.0,25.0,0,119,Late,0
Retail,Enterprise,India,18.0,5.0,3,56,Late,0
Travel,Basic,India,22.0,13.0,0,284,Late,0
Education,Enterprise,India,24.0,44.0,3,449,Failed,1
Technology,Enterprise,Australia,30.0,71.0,3,478,Late,0
Healthcare,Enterprise,Sri lanka,14.0,85.0,3,438,Late,0
Travel,Enterprise,Germany,13.0,76.0,1,350,On_time,0
Healthcare,Enterprise,Australia,11.0,59.0,2,353,Late,0
Finance,Pro,UK,25.0,33.0,3,409,Failed,0
Education,Enterprise,Australia,25.0,15.0,1,497,Late,0
Technology,Enterprise,India,34.0,91.0,2,28,Late,0
Technology,Pro,India,8.0,78.0,3,145,Late,0
Healthcare,Pro,Germany,4.0,84.0,3,159,On_time,1
Finance,Basic,India,38.0,26.0,1,459,Failed,0
Technology,Enterprise,USA,14.0,6.0,1,114,Late,0
Retail,Basic,Australia,17.0,89.0,3,108,Failed,0
Retail,Enterprise,Germany,31.0,59.0,2,269,Failed,1
Technology,Enterprise,Australia,23.0,14.0,1,335,Failed,1
Education,Pro,Sri lanka,12.0,13.0,1,82,Late,0
Retail,Enterprise,Germany,38.0,50.0,1,208,Failed,1
Retail,Enterprise,USA,8.0,104.0,3,449,Late,0
Healthcare,Enterprise,India,22.0,87.0,4,103,On_time,0
Technology,Basic,India,33.0,80.0,1,373,On_time,0
Retail,Enterprise,Sri lanka,7.0,38.0,1,189,Failed,1
Finance,Basic,Germany,22.0,5.0,1,271,Late,0
Technology,Enterprise,USA,15.0,95.0,5,185,Late,0
Travel,Basic,UK,22.0,107.0,3,368,Late,0
Travel,Pro,UK,20.0,33.0,2,154,On_time,0
Technology,Pro,Sri lanka,8.0,28.0,3,306,Late,0
Finance,Basic,India,12.0,95.0,4,198,Failed,1
Travel,Pro,India,4.0,87.0,1,456,Failed,1
Finance,Enterprise,India,21.0,109.0,1,77,On_time,0
Education,Basic,Germany,32.0,37.0,0,479,Late,0
Finance,Pro,India,15.0,34.0,2,476,On_time,0
Finance,Basic,USA,5.0,87.0,5,473,Late,0
Technology,Pro,Australia,,97.0,2,422,On_time,0
Finance,Enterprise,Sri lanka,28.0,87.0,1,238,Late,0
Technology,Enterprise,India,34.0,68.0,2,218,Late,0
Travel,Pro,USA,26.0,26.0,3,483,On_time,0
Technology,Basic,India,17.0,22.0,2,283,Late,0
Finance,Enterprise,Sri lanka,21.0,,2,329,On_time,0
Technology,Pro,Australia,26.0,85.0,4,261,Late,0
Finance,Pro,USA,14.0,40.0,3,81,On_time,0
Education,Basic,Sri lanka,23.0,99.0,4,345,Late,0
Travel,Pro,USA,2.0,118.0,1,284,On_time,0
Healthcare,Basic,Sri lanka,34.0,81.0,3,474,Failed,1
Retail,Pro,Sri lanka,34.0,48.0,1,372,Failed,0
Finance,Basic,UK,13.0,87.0,5,137,Failed,0
Technology,Basic,UK,5.0,60.0,2,165,Late,0
Healthcare,Pro,USA,21.0,54.0,2,135,On_time,0
Technology,Enterprise,Australia,23.0,22.0,3,317,On_time,0
Education,Pro,Sri lanka,23.0,70.0,3,140,On_time,0
Travel,Pro,India,29.0,12.0,2,323,On_time,0
Travel,Pro,USA,24.0,62.0,3,272,Failed,0
Technology,Pro,UK,30.0,94.0,4,462,Failed,0
Education,Enterprise,Germany,26.0,,3,327,Failed,0
Finance,Enterprise,UK,10.0,46.0,4,379,Failed,0
Education,Pro,USA,10.0,106.0,4,380,Late,0
Technology,Enterprise,Sri lanka,37.0,2.0,3,372,Late,1
Finance,Enterprise,Germany,4.0,45.0,2,236,Late,1
Technology,Pro,Sri lanka,37.0,34.0,5,484,On_time,0
Healthcare,Pro,India,8.0,65.0,0,154,Late,0
Healthcare,Basic,Sri lanka,5.0,24.0,0,292,Late,0
Technology,Basic,Australia,37.0,20.0,1,326,Failed,1
Healthcare,Pro,Australia,8.0,13.0,0,212,Late,0
Retail,Enterprise,India,9.0,31.0,1,459,Failed,0
Retail,Pro,UK,34.0,9.0,2,352,Late,0
Travel,Pro,UK,1.0,89.0,4,153,Late,0
Education,Enterprise,Australia,27.0,12.0,1,193,Late,0
Healthcare,Enterprise,Australia,33.0,74.0,3,150,On_time,0
Travel,Basic,UK,3.0,86.0,4,374,On_time,0
Retail,Pro,USA,32.0,75.0,4,209,Failed,0
Travel,Pro,India,35.0,68.0,2,166,On_time,0
Technology,Enterprise,Germany,12.0,11.0,3,22,Late,0
Retail,Basic,Australia,20.0,28.0,1,491,Late,0
Education,Basic,USA,40.0,6.0,2,255,Late,1
Technology,Enterprise,UK,13.0,86.0,4,129,Late,0
Retail,Basic,Australia,37.0,21.0,3,130,Late,0
Travel,Pro,Sri lanka,29.0,47.0,4,391,On_time,0
Finance,Enterprise,Sri lanka,23.0,93.0,4,30,On_time,0
Travel,Enterprise,Sri lanka,5.0,69.0,1,429,Failed,0
Retail,Enterprise,Sri lanka,8.0,69.0,2,75,Late,0
Education,Pro,UK,4.0,100.0,4,376,Failed,1
Retail,Enterprise,USA,10.0,105.0,4,256,Late,0
Technology,Pro,USA,13.0,46.0,2,460,On_time,0
Education,Pro,USA,5.0,70.0,2,55,Failed,0
Finance,Basic,Sri lanka,33.0,31.0,1,267,Failed,1
Healthcare,Enterprise,Germany,37.0,,1,415,Failed,0
Education,Basic,Germany,22.0,17.0,1,312,Late,0
Retail,Basic,USA,38.0,96.0,3,459,On_time,0
Retail,Pro,USA,17.0,8.0,2,361,On_time,1
Retail,Pro,Germany,16.0,66.0,2,483,On_time,0
Healthcare,Basic,Sri lanka,6.0,115.0,1,226,Late,0
Education,Enterprise,India,33.0,43.0,1,248,Failed,0
Education,Pro,India,5.0,93.0,3,151,Failed,0
Retail,Pro,Australia,29.0,59.0,2,190,On_time,0
Finance,Pro,Sri lanka,27.0,100.0,2,70,Failed,0
Travel,Basic,Australia,11.0,90.0,2,72,Late,0
Finance,Basic,USA,9.0,60.0,1,269,Late,0
Travel,Pro,UK,27.0,39.0,2,271,On_time,0
Travel,Enterprise,Sri lanka,19.0,50.0,5,386,Failed,0
Education,Enterprise,Sri lanka,40.0,77.0,4,256,Failed,0
Healthcare,Enterprise,Australia,36.0,63.0,0,174,Failed,0
Healthcare,Pro,India,9.0,119.0,2,26,Failed,0
Travel,Basic,India,8.0,80.0,1,474,Failed,1
Finance,Basic,Australia,21.0,53.0,2,267,Late,0
Retail,Enterprise,Germany,22.0,103.0,0,430,Late,0
Education,Pro,Sri lanka,4.0,88.0,2,278,Failed,1
Finance,Basic,UK,28.0,63.0,1,489,On_time,0
Healthcare,Pro,Germany,30.0,113.0,1,249,Failed,0
Education,Pro,UK,12.0,89.0,1,68,Late,0
Travel,Pro,Germany,,29.0,3,153,On_time,0
Healthcare,Pro,Sri lanka,7.0,5.0,1,51,Late,1
Finance,Basic,USA,13.0,30.0,0,335,Late,0
Technology,Enterprise,Australia,21.0,28.0,1,408,Failed,0
Retail,Pro,Sri lanka,18.0,60.0,1,478,Late,0
Education,Enterprise,Australia,17.0,112.0,2,393,Failed,1
Travel,Pro,Germany,6.0,34.0,1,401,Failed,0
Education,Basic,India,20.0,13.0,0,124,On_time,0
Retail,Pro,USA,32.0,26.0,0,33,On_time,0
Healthcare,Enterprise,Australia,36.0,8.0,1,110,Failed,1
Retail,Pro,USA,10.0,25.0,3,493,Late,0
Healthcare,Enterprise,India,21.0,36.0,6,42,On_time,0
Travel,Pro,Germany,16.0,22.0,1,463,Late,0
Travel,Enterprise,USA,38.0,107.0,4,194,Late,0
Healthcare,Basic,Germany,3.0,24.0,1,323,On_time,0
Finance,Basic,USA,35.0,54.0,1,218,Late,0
Retail,Enterprise,India,,53.0,2,88,On_time,0
Technology,Enterprise,USA,6.0,,3,314,On_time,0
Technology,Basic,UK,21.0,40.0,4,313,On_time,0
Education,Pro,Sri lanka,15.0,7.0,0,84,Late,0
Education,Basic,Sri lanka,38.0,67.0,1,96,Failed,0
Technology,Basic,USA,18.0,81.0,1,29,Failed,0
Retail,Basic,USA,29.0,48.0,1,135,Failed,0
Finance,Pro,Sri lanka,13.0,44.0,3,96,Failed,1
Travel,Enterprise,Germany,12.0,44.0,0,376,On_time,0
Finance,Basic,Germany,34.0,87.0,2,94,On_time,0
Technology,Enterprise,Australia,33.0,115.0,3,240,On_time,0
Education,Enterprise,Sri lanka,19.0,36.0,1,191,On_time,0
Education,Enterprise,USA,18.0,60.0,0,234,Late,0
Travel,Basic,India,22.0,90.0,2,470,On_time,0
Retail,Basic,USA,27.0,18.0,2,372,On_time,0
Retail,Basic,India,20.0,94.0,5,369,On_time,0
Finance,Basic,Australia,27.0,108.0,0,429,Failed,0
Education,Pro,India,,100.0,3,277,Failed,0
Retail,Basic,Sri lanka,1.0,95.0,3,305,Failed,0
Travel,Enterprise,Sri lanka,10.0,99.0,1,153,Failed,0
Travel,Basic,Germany,3.0,41.0,0,480,On_time,0
Healthcare,Basic,Germany,18.0,58.0,2,297,On_time,0
Travel,Basic,USA,24.0,40.0,2,293,Failed,1
Finance,Pro,India,17.0,102.0,1,397,Failed,0
Finance,Pro,Australia,21.0,62.0,0,126,On_time,0
Retail,Pro,UK,13.0,76.0,0,314,On_time,0
Healthcare,Enterprise,UK,24.0,118.0,0,80,On_time,0
Technology,Pro,UK,5.0,79.0,2,27,Failed,0
Retail,Pro,India,24.0,117.0,1,212,On_time,0
Technology,Basic,USA,34.0,81.0,2,299,Late,0
Education,Basic,India,39.0,21.0,1,140,On_time,0
Healthcare,Enterprise,Sri lanka,13.0,101.0,1,417,Late,0
Technology,Pro,Australia,22.0,81.0,0,192,Late,0
Finance,Enterprise,UK,40.0,19.0,4,472,Late,0
Retail,Basic,Germany,3.0,38.0,0,486,Failed,0
Education,Pro,India,40.0,50.0,2,469,On_time,0
Healthcare,Pro,Sri lanka,23.0,6.0,1,54,Late,0
Education,Enterprise,Sri lanka,29.0,7.0,2,95,On_time,0
Travel,Enterprise,USA,10.0,79.0,3,470,Late,0
Healthcare,Basic,UK,2.0,6.0,2,252,On_time,0
Technology,Enterprise,Sri lanka,24.0,86.0,0,445,On_time,0
Finance,Basic,Sri lanka,27.0,33.0,4,301,Failed,0
Education,Pro,India,22.0,21.0,1,127,On_time,0
Retail,Enterprise,Germany,30.0,27.0,2,356,Late,0
Healthcare,Pro,Sri lanka,4.0,14.0,3,481,Late,1
Retail,Enterprise,USA,3.0,1.0,4,232,Late,1
Travel,Pro,India,26.0,3.0,2,276,Late,0
Retail,Pro,USA,40.0,111.0,2,414,On_time,0
Retail,Basic,India,27.0,14.0,1,257,Failed,0
Travel,Pro,Germany,10.0,24.0,1,156,Failed,0
Healthcare,Basic,India,17.0,102.0,1,197,Failed,1
Travel,Basic,USA,37.0,6.0,1,375,Late,0
Healthcare,Enterprise,Sri lanka,25.0,11.0,1,349,Failed,0
Education,Pro,Sri lanka,5.0,72.0,1,107,On_time,0
Finance,Enterprise,Germany,40.0,57.0,1,375,On_time,0
Education,Pro,USA,12.0,75.0,4,234,Failed,0
Technology,Pro,Sri lanka,37.0,73.0,2,343,On_time,0
Travel,Basic,India,12.0,44.0,3,353,Late,0
Healthcare,Basic,Germany,13.0,105.0,2,246,On_time,0
Technology,Enterprise,India,3.0,68.0,2,36,Failed,0
Retail,Enterprise,Sri lanka,16.0,9.0,2,159,Late,0
Retail,Pro,UK,15.0,66.0,2,200,Late,0
Travel,Pro,Sri lanka,20.0,39.0,2,332,Failed,0
Technology,Basic,India,19.0,71.0,3,398,On_time,0
Healthcare,Pro,Australia,36.0,81.0,1,423,On_time,0
Retail,Pro,Australia,28.0,50.0,1,46,Late,0
Technology,Enterprise,Australia,,32.0,0,156,Late,0
Retail,Enterprise,USA,20.0,45.0,1,284,Failed,0
Technology,Pro,Australia,30.0,84.0,4,353,Failed,0
Finance,Enterprise,Australia,9.0,94.0,3,154,Failed,0
Finance,Enterprise,Sri lanka,13.0,68.0,0,76,On_time,0
Retail,Enterprise,Germany,36.0,14.0,0,243,On_time,0
Travel,Enterprise,USA,27.0,106.0,2,109,On_time,0
Healthcare,Basic,USA,4.0,106.0,3,291,Failed,1
Technology,Enterprise,UK,19.0,,4,75,Late,0
Education,Basic,India,15.0,103.0,3,288,On_time,0
Technology,Enterprise,Germany,1.0,16.0,3,205,Failed,1
Healthcare,Pro,Australia,12.0,60.0,2,262,Failed,1
Travel,Pro,Australia,28.0,71.0,6,146,Late,0
Travel,Pro,USA,6.0,101.0,5,161,Late,0
Retail,Basic,Australia,37.0,8.0,0,416,On_time,0
Technology,Pro,Sri lanka,40.0,107.0,2,307,Late,0
Retail,Enterprise,Sri lanka,22.0,66.0,1,239,Late,0
Retail,Pro,USA,11.0,33.0,5,198,Failed,1
Finance,Pro,India,16.0,13.0,2,106,Failed,0
Education,Basic,Australia,12.0,78.0,6,380,Failed,0
Retail,Enterprise,Germany,13.0,36.0,2,141,Failed,1
Education,Pro,USA,32.0,102.0,4,298,On_time,0
Retail,Pro,India,17.0,80.0,0,486,Late,0
Technology,Pro,USA,30.0,58.0,1,292,Failed,0
Retail,Basic,Australia,15.0,114.0,2,372,Failed,0
Travel,Pro,USA,27.0,99.0,4,180,On_time,0
Finance,Enterprise,India,33.0,103.0,1,274,Late,0
Finance,Basic,Sri lanka,23.0,79.0,2,259,Failed,0
Travel,Enterprise,Sri lanka,14.0,81.0,1,299,Failed,0
Retail,Pro,USA,13.0,20.0,1,201,Failed,0
Technology,Pro,Germany,34.0,28.0,3,301,Failed,0
Retail,Pro,UK,20.0,106.0,1,397,Failed,1
Education,Pro,India,10.0,61.0,6,47,On_time,0
Education,Enterprise,Australia,28.0,117.0,1,336,Late,0
Healthcare,Basic,UK,5.0,114.0,0,446,On_time,0
Technology,Pro,UK,2.0,15.0,0,184,Failed,0
Education,Basic,Australia,7.0,20.0,2,402,Late,0
Healthcare,Pro,UK,23.0,19.0,2,442,Late,0
Technology,Enterprise,Australia,17.0,19.0,1,194,Late,0
Technology,Enterprise,Germany,39.0,35.0,2,399,Late,0
Finance,Pro,UK,17.0,81.0,1,332,Failed,0
Retail,Pro,Germany,37.0,61.0,1,55,Late,0
Technology,Enterprise,India,37.0,112.0,3,356,On_time,0
Finance,Basic,Australia,19.0,44.0,0,76,Failed,1
Travel,Enterprise,UK,11.0,22.0,3,414,Late,0
Finance,Enterprise,USA,38.0,117.0,0,113,Late,0
Finance,Basic,UK,10.0,26.0,3,270,Late,0
Education,Pro,UK,16.0,105.0,2,499,Late,0
Finance,Pro,UK,27.0,64.0,3,88,Late,0
Education,Enterprise,UK,33.0,84.0,1,208,Late,0
Healthcare,Pro,India,17.0,108.0,0,193,On_time,0
Education,Pro,Germany,26.0,95.0,2,438,On_time,0
Finance,Enterprise,USA,39.0,92.0,5,183,Late,0
Retail,Basic,UK,34.0,109.0,3,165,Late,0
Technology,Basic,India,8.0,91.0,1,233,Late,0
Healthcare,Enterprise,Germany,20.0,13.0,4,25,Failed,0
Travel,Pro,Germany,14.0,4.0,2,302,On_time,0
Travel,Enterprise,India,7.0,,2,335,Late,1
Education,Enterprise,Sri lanka,15.0,24.0,1,225,Late,0
Healthcare,Enterprise,UK,6.0,78.0,1,465,Late,0
Retail,Enterprise,USA,17.0,80.0,1,143,On_time,0
Education,Pro,Australia,,27.0,3,68,On_time,0
Technology,Basic,Sri lanka,36.0,81.0,3,209,On_time,0
Education,Basic,USA,20.0,86.0,2,309,Late,0
Technology,Pro,Australia,33.0,46.0,1,362,Failed,1
Retail,Enterprise,India,15.0,78.0,2,462,Late,0
Education,Pro,Germany,32.0,21.0,1,372,Late,0
Education,Basic,USA,16.0,39.0,1,258,Failed,0
Technology,Enterprise,India,13.0,56.0,1,47,Late,0
Education,Enterprise,Australia,7.0,82.0,2,279,Late,0
Travel,Basic,Germany,30.0,88.0,3,457,On_time,0
Travel,Basic,UK,8.0,55.0,2,435,Failed,0
Finance,Pro,USA,27.0,25.0,2,72,Failed,0
Finance,Pro,Sri lanka,38.0,48.0,0,91,On_time,0
Education,Basic,India,28.0,85.0,1,54,Late,0
Travel,Pro,UK,17.0,73.0,3,67,Failed,0
Retail,Basic,Sri lanka,22.0,49.0,2,233,Late,0
Finance,Pro,USA,25.0,66.0,0,476,Failed,0
Healthcare,Enterprise,India,9.0,77.0,1,456,On_time,0
Technology,Basic,Germany,15.0,50.0,3,58,On_time,0
Education,Enterprise,USA,10.0,108.0,2,310,Failed,0
Travel,Pro,Australia,36.0,64.0,1,165,On_time,0
Retail,Basic,UK,21.0,112.0,2,360,Failed,0
Technology,Enterprise,Australia,21.0,27.0,1,454,On_time,0
Healthcare,Basic,Australia,35.0,104.0,1,472,Late,0
Travel,Enterprise,India,8.0,11.0,3,68,Late,0
Retail,Pro,Australia,38.0,47.0,0,341,Late,0
Technology,Pro,India,30.0,77.0,3,48,On_time,0
Retail,Enterprise,India,15.0,23.0,1,496,On_time,0
Education,Enterprise,USA,8.0,86.0,3,340,Late,0
Healthcare,Enterprise,Germany,20.0,52.0,3,463,Late,0
Finance,Basic,USA,19.0,18.0,1,410,Late,0
Healthcare,Basic,USA,29.0,95.0,2,178,Late,0
Healthcare,Enterprise,USA,9.0,84.0,1,316,Failed,0
Education,Enterprise,India,2.0,114.0,5,433,Failed,0
Finance,Pro,Germany,22.0,110.0,1,375,Failed,0
Finance,Pro,Australia,13.0,71.0,3,255,Failed,1
Healthcare,Basic,Sri lanka,37.0,105.0,0,415,On_time,0
Finance,Pro,Germany,30.0,92.0,4,494,On_time,0
Retail,Basic,Australia,21.0,1.0,5,436,Late,0
Education,Basic,Sri lanka,25.0,72.0,1,177,On_time,0
Healthcare,Basic,Sri lanka,14.0,54.0,0,434,Late,0
Retail,Pro,USA,6.0,11.0,2,118,Failed,0
Healthcare,Pro,USA,36.0,17.0,1,282,Late,0
Technology,Pro,Australia,15.0,96.0,2,269,Failed,0
Technology,Basic,Germany,2.0,61.0,4,415,On_time,1
Travel,Basic,Germany,18.0,9.0,2,59,Late,0
Retail,Basic,USA,24.0,98.0,1,52,On_time,0
Travel,Pro,UK,23.0,77.0,2,452,Failed,1
Education,Basic,India,38.0,60.0,1,435,On_time,0
Education,Basic,Australia,15.0,116.0,3,405,Failed,1
Education,Pro,USA,19.0,111.0,1,33,Failed,0
Retail,Pro,Germany,6.0,76.0,2,113,Late,0
Retail,Basic,USA,30.0,57.0,3,365,On_time,0
Travel,Basic,USA,8.0,14.0,2,487,Failed,0
Healthcare,Pro,India,14.0,40.0,2,393,Failed,0
Healthcare,Basic,India,26.0,40.0,0,471,Failed,0
Travel,Pro,Australia,7.0,94.0,1,310,On_time,0
Travel,Enterprise,Sri lanka,40.0,33.0,0,57,Late,0
Education,Pro,Australia,10.0,57.0,1,419,Failed,0
Technology,Pro,USA,21.0,92.0,2,127,Failed,0
Technology,Pro,UK,3.0,43.0,1,176,Late,0
Healthcare,Basic,USA,4.0,26.0,1,310,Late,1
Retail,Basic,Sri lanka,10.0,112.0,2,387,On_time,0
Technology,Basic,UK,21.0,85.0,2,250,Late,0
Retail,Pro,Australia,9.0,117.0,2,93,On_time,0
Education,Basic,Sri lanka,24.0,104.0,2,63,Late,0
Healthcare,Pro,Sri lanka,34.0,75.0,1,105,On_time,0
Technology,Enterprise,UK,18.0,40.0,1,39,Late,0
Finance,Enterprise,Australia,13.0,109.0,0,343,Late,0
Technology,Pro,Germany,24.0,100.0,2,226,Failed,0
Technology,Enterprise,USA,36.0,91.0,2,221,Late,0
Technology,Pro,Australia,30.0,53.0,4,24,Late,0
Healthcare,Basic,USA,4.0,100.0,6,45,On_time,0
Travel,Pro,Sri lanka,36.0,39.0,4,369,On_time,0
Healthcare,Basic,India,27.0,71.0,2,44,Failed,0
Healthcare,Basic,USA,22.0,18.0,3,93,On_time,0
Travel,Pro,Germany,34.0,110.0,1,444,Late,0
Retail,Pro,USA,9.0,63.0,4,458,On_time,0
Healthcare,Enterprise,Sri lanka,40.0,33.0,0,38,Failed,0
Travel,Basic,USA,34.0,78.0,3,326,On_time,0
Travel,Enterprise,Germany,26.0,81.0,3,454,Late,0
Healthcare,Enterprise,Australia,7.0,29.0,1,388,Failed,0
Education,Pro,Sri lanka,8.0,42.0,2,70,Failed,0
Technology,Basic,Germany,20.0,16.0,1,354,Late,0
Technology,Basic,Sri lanka,34.0,45.0,3,329,Failed,0
Retail,Enterprise,Germany,23.0,111.0,3,227,On_time,0
Technology,Enterprise,Sri lanka,,26.0,1,354,Failed,0
Education,Enterprise,Germany,39.0,97.0,3,301,Late,0
Healthcare,Enterprise,India,28.0,40.0,2,104,Failed,0
Retail,Enterprise,UK,30.0,82.0,4,79,Late,0
Travel,Basic,Sri lanka,38.0,104.0,1,131,Failed,1
Travel,Enterprise,USA,38.0,60.0,1,165,On_time,0
Travel,Enterprise,Australia,37.0,60.0,0,222,Failed,0
Education,Enterprise,India,20.0,73.0,4,330,Late,0
Education,Enterprise,Sri lanka,19.0,62.0,0,494,Late,0
Finance,Pro,USA,39.0,100.0,1,309,On_time,0
Healthcare,Pro,Sri lanka,33.0,92.0,2,370,Failed,1
Healthcare,Enterprise,Germany,31.0,38.0,4,297,Late,0
Education,Enterprise,India,16.0,32.0,3,296,Late,0
Travel,Enterprise,Australia,28.0,46.0,2,447,Failed,0
Education,Pro,Australia,7.0,8.0,3,484,Failed,1
Technology,Pro,USA,38.0,99.0,1,281,Failed,1
Technology,Basic,India,4.0,51.0,3,233,Late,0
Education,Pro,UK,28.0,30.0,1,55,Late,0
Finance,Basic,Sri lanka,8.0,45.0,2,69,Failed,0
Healthcare,Enterprise,India,15.0,32.0,1,353,On_time,0
Retail,Enterprise,Australia,14.0,,4,111,On_time,0
Healthcare,Enterprise,Sri lanka,24.0,28.0,1,364,Failed,1
Retail,Basic,USA,35.0,68.0,0,109,Late,0
Travel,Basic,India,8.0,88.0,5,229,On_time,0
Retail,Basic,Australia,15.0,101.0,3,201,Failed,1
Retail,Enterprise,Germany,27.0,31.0,2,240,Late,0
Travel,Basic,Australia,1.0,72.0,2,297,Failed,1
Healthcare,Pro,Sri lanka,12.0,19.0,3,93,Late,0
Education,Pro,Australia,7.0,101.0,1,226,Failed,0
Finance,Basic,Australia,24.0,26.0,5,46,On_time,0
Travel,Pro,Germany,9.0,71.0,0,267,Late,0
Healthcare,Basic,USA,9.0,86.0,0,259,On_time,0
Education,Basic,India,9.0,27.0,1,218,Failed,1
Healthcare,Enterprise,Sri lanka,40.0,7.0,4,78,Failed,1
Technology,Basic,India,,103.0,1,387,Failed,0
Healthcare,Pro,Australia,22.0,98.0,1,165,On_time,0
Travel,Basic,Australia,24.0,60.0,1,213,On_time,0
Education,Enterprise,USA,27.0,14.0,2,243,On_time,0
Education,Enterprise,India,28.0,55.0,2,197,On_time,0
Education,Enterprise,USA,3.0,1.0,1,81,Late,1
Healthcare,Basic,Sri lanka,5.0,19.0,3,450,Late,0
Retail,Pro,India,,91.0,1,364,On_time,0
Retail,Pro,USA,,56.0,0,225,On_time,0
Technology,Basic,USA,25.0,100.0,3,125,Late,0
Retail,Pro,Australia,20.0,74.0,2,430,Late,0
Finance,Pro,Australia,40.0,65.0,1,156,On_time,0
Finance,Enterprise,India,16.0,5.0,1,389,On_time,0
Travel,Pro,India,25.0,57.0,2,36,Failed,0
Finance,Pro,Germany,37.0,13.0,1,381,On_time,0
Finance,Enterprise,USA,32.0,8.0,0,123,Late,0
Education,Basic,Australia,19.0,70.0,3,489,Late,0
Healthcare,Enterprise,Sri lanka,10.0,74.0,3,400,On_time,0
Education,Basic,Sri lanka,19.0,53.0,0,449,On_time,0
Finance,Basic,Germany,40.0,85.0,2,166,Late,0
Healthcare,Pro,Australia,7.0,81.0,2,78,On_time,0
Technology,Pro,India,32.0,112.0,2,369,Failed,1
Finance,Enterprise,Germany,6.0,15.0,3,114,Failed,0
Finance,Basic,India,34.0,64.0,2,489,Failed,1
Technology,Pro,India,9.0,84.0,4,187,Failed,0
Finance,Basic,India,11.0,1.0,1,337,Failed,0
Healthcare,Basic,UK,39.0,60.0,1,493,Late,0
Retail,Enterprise,USA,6.0,32.0,0,157,Late,0
Technology,Basic,UK,39.0,119.0,0,31,On_time,0
Healthcare,Basic,Germany,16.0,38.0,2,300,Late,0
Technology,Basic,Germany,35.0,35.0,5,295,Late,0
Healthcare,Basic,Australia,34.0,4.0,0,471,On_time,0
Healthcare,Pro,Sri lanka,20.0,9.0,2,78,Late,1
Travel,Pro,UK,38.0,117.0,2,312,Failed,0
Healthcare,Basic,Sri lanka,16.0,14.0,0,282,On_time,0
Technology,Enterprise,Australia,14.0,6.0,3,141,Late,0
Retail,Basic,India,5.0,94.0,0,99,On_time,0
Finance,Basic,Australia,7.0,7.0,2,69,Failed,1
Travel,Basic,UK,14.0,5.0,0,280,Late,0
Travel,Basic,India,29.0,75.0,0,393,Failed,0
Travel,Basic,UK,32.0,36.0,4,36,Late,0
Finance,Pro,USA,10.0,92.0,2,499,Late,0
Education,Pro,Sri lanka,14.0,56.0,1,227,On_time,0
Technology,Basic,USA,17.0,7.0,2,102,Late,0
Travel,Pro,India,35.0,70.0,1,37,Failed,0
Healthcare,Basic,India,29.0,99.0,2,191,Failed,1
Retail,Basic,USA,19.0,68.0,2,177,Late,0
Technology,Basic,USA,34.0,30.0,3,349,On_time,0
Finance,Pro,Sri lanka,18.0,19.0,5,279,Failed,0
Finance,Basic,Germany,5.0,41.0,3,350,Late,0
Education,Enterprise,UK,13.0,14.0,2,134,Failed,1
Healthcare,Enterprise,USA,18.0,10.0,2,35,Failed,1
Retail,Enterprise,USA,2.0,30.0,1,352,On_time,0
Technology,Basic,UK,20.0,49.0,0,42,Late,0
Technology,Enterprise,USA,33.0,102.0,1,487,On_time,0
Finance,Basic,UK,3.0,8.0,3,409,Failed,1
Retail,Basic,India,28.0,112.0,0,435,Late,0
Technology,Enterprise,Germany,9.0,75.0,7,465,On_time,0
Healthcare,Basic,USA,28.0,96.0,1,350,Late,0
Education,Enterprise,USA,19.0,92.0,2,437,Late,0
Education,Enterprise,Germany,36.0,66.0,2,146,On_time,0
Finance,Pro,India,11.0,62.0,1,197,Failed,0
Retail,Basic,Germany,38.0,55.0,1,356,Late,0
Travel,Enterprise,Australia,22.0,43.0,2,269,Late,0
Education,Basic,Australia,36.0,28.0,2,296,Late,0
Finance,Enterprise,Germany,12.0,61.0,3,205,Failed,0
Travel,Pro,UK,25.0,69.0,1,27,On_time,0
Retail,Enterprise,UK,9.0,15.0,4,102,Late,0
Healthcare,Basic,Australia,39.0,6.0,4,350,Failed,1
Retail,Enterprise,Germany,15.0,10.0,4,368,Late,0
Technology,Enterprise,Germany,22.0,50.0,3,48,Failed,1
Healthcare,Enterprise,USA,32.0,10.0,0,170,On_time,0
Healthcare,Enterprise,UK,23.0,95.0,1,470,Failed,0
Travel,Basic,Sri lanka,21.0,53.0,1,76,On_time,0
Finance,Enterprise,USA,33.0,70.0,2,230,On_time,0
Technology,Pro,UK,26.0,44.0,0,352,On_time,0
Education,Enterprise,India,28.0,14.0,3,206,On_time,0
Finance,Basic,Germany,34.0,39.0,1,340,Late,0
Finance,Enterprise,Germany,15.0,32.0,1,496,Late,0
Healthcare,Pro,UK,32.0,33.0,1,349,Late,0
Healthcare,Enterprise,Sri lanka,36.0,97.0,2,370,Failed,1
Healthcare,Pro,USA,7.0,81.0,2,34,On_time,0
Technology,Pro,Australia,25.0,53.0,2,307,On_time,0
Healthcare,Enterprise,UK,21.0,68.0,4,358,Late,0
Finance,Pro,USA,9.0,71.0,0,494,On_time,0
Healthcare,Basic,Germany,35.0,13.0,2,265,Failed,0
Finance,Enterprise,Sri lanka,,117.0,5,272,Late,0
Retail,Pro,Australia,14.0,46.0,1,491,Late,0
Healthcare,Basic,India,8.0,69.0,4,332,On_time,0
Education,Pro,Australia,31.0,6.0,1,478,Late,1
Retail,Enterprise,India,3.0,28.0,2,413,Failed,0
Retail,Basic,Australia,33.0,100.0,2,171,Failed,0
Finance,Enterprise,Sri lanka,32.0,16.0,3,326,Failed,0
Travel,Basic,USA,21.0,60.0,0,382,Failed,0
Education,Pro,UK,6.0,73.0,3,75,On_time,0
Healthcare,Basic,India,11.0,3.0,4,109,Failed,0
Retail,Basic,Sri lanka,32.0,10.0,1,495,Late,0
Finance,Pro,Australia,30.0,78.0,0,499,Late,0
Finance,Basic,Sri lanka,34.0,105.0,3,295,Failed,0
Technology,Enterprise,USA,19.0,48.0,1,482,Late,0
Healthcare,Pro,Germany,29.0,114.0,2,290,On_time,0
Education,Enterprise,Australia,3.0,96.0,2,356,On_time,1
Healthcare,Enterprise,India,21.0,51.0,1,290,Late,0
Finance,Enterprise,USA,1.0,88.0,1,253,On_time,0
Healthcare,Enterprise,Australia,,11.0,2,422,Failed,1
Healthcare,Enterprise,Sri lanka,31.0,73.0,3,230,Failed,0
Healthcare,Enterprise,USA,30.0,58.0,2,127,Failed,0
Retail,Enterprise,UK,4.0,37.0,1,66,Late,1
Technology,Pro,Germany,36.0,117.0,3,480,Late,0
Travel,Basic,USA,5.0,30.0,2,217,Failed,0
Education,Pro,USA,27.0,56.0,1,35,On_time,0
Retail,Pro,Sri lanka,12.0,20.0,0,456,On_time,0
Education,Enterprise,India,23.0,109.0,1,168,On_time,0
Travel,Basic,UK,40.0,95.0,1,397,Late,0
Healthcare,Pro,Australia,26.0,87.0,3,422,Late,0
Technology,Pro,USA,38.0,29.0,2,468,Failed,0
Finance,Enterprise,Sri lanka,39.0,29.0,1,258,Failed,1
Technology,Enterprise,UK,37.0,95.0,3,81,Late,0
Healthcare,Enterprise,Germany,5.0,9.0,1,494,Failed,0
Travel,Pro,UK,,38.0,2,473,Late,0
Retail,Pro,USA,38.0,49.0,3,402,Late,0
Finance,Enterprise,USA,30.0,21.0,0,435,On_time,0
Education,Enterprise,Germany,8.0,69.0,0,27,On_time,0
Travel,Pro,Sri lanka,19.0,108.0,1,55,Late,0
Travel,Basic,USA,27.0,77.0,2,258,On_time,0
Technology,Pro,Germany,13.0,16.0,1,266,Late,0
Travel,Enterprise,UK,27.0,45.0,1,431,On_time,0
Travel,Enterprise,Germany,35.0,7.0,2,295,On_time,0
Technology,Pro,USA,32.0,38.0,2,423,On_time,0
Retail,Pro,Germany,18.0,50.0,3,251,Late,0
Finance,Basic,Australia,18.0,23.0,1,156,On_time,0
Travel,Enterprise,Sri lanka,7.0,41.0,2,375,On_time,0
Technology,Enterprise,Australia,2.0,104.0,0,211,Late,1
Travel,Enterprise,Australia,14.0,20.0,3,106,On_time,0
Technology,Enterprise,Germany,32.0,8.0,5,418,On_time,1
Travel,Enterprise,Sri lanka,27.0,81.0,2,211,Failed,1
Retail,Pro,UK,37.0,105.0,2,278,Late,0
Education,Basic,Sri lanka,17.0,78.0,0,185,On_time,0
Retail,Pro,USA,35.0,1.0,1,336,Failed,0
Finance,Pro,Australia,33.0,,2,37,Late,0
Retail,Basic,USA,31.0,59.0,2,425,Failed,1
Healthcare,Enterprise,India,16.0,,2,287,Failed,1
Technology,Pro,Sri lanka,30.0,9.0,2,324,On_time,0
Travel,Pro,UK,4.0,64.0,2,234,Failed,1
Travel,Enterprise,Australia,15.0,91.0,4,254,Late,0
Technology,Basic,Germany,22.0,3.0,2,451,On_time,0
Healthcare,Pro,Australia,1.0,117.0,1,483,Failed,1
Finance,Pro,Australia,38.0,10.0,4,304,Late,0
Healthcare,Basic,Australia,12.0,116.0,2,413,Late,0
Retail,Enterprise,Germany,18.0,22.0,2,247,On_time,0
Healthcare,Enterprise,India,25.0,100.0,3,477,Late,0
Retail,Enterprise,Sri lanka,31.0,109.0,2,418,Late,0
Technology,Pro,Australia,26.0,3.0,1,59,On_time,1
Finance,Pro,UK,39.0,72.0,4,273,On_time,0
Travel,Pro,Australia,9.0,7.0,3,97,Failed,1
Healthcare,Enterprise,Sri lanka,1.0,17.0,0,430,Late,1
Technology,Enterprise,USA,7.0,73.0,3,29,On_time,0
Technology,Enterprise,Germany,33.0,46.0,2,187,On_time,0
Education,Basic,Germany,33.0,61.0,1,248,Failed,1
Education,Enterprise,Australia,20.0,41.0,4,451,Failed,0
Retail,Basic,Germany,20.0,118.0,2,53,On_time,0
Education,Enterprise,UK,39.0,67.0,3,267,On_time,0
Healthcare,Pro,USA,3.0,79.0,2,58,On_time,0
Technology,Pro,UK,9.0,101.0,2,47,Failed,0
Education,Pro,UK,14.0,44.0,3,108,On_time,0
Travel,Basic,Australia,32.0,9.0,3,29,Failed,0
Technology,Pro,India,16.0,6.0,1,470,On_time,1
Education,Basic,Germany,28.0,41.0,2,384,Late,0
Finance,Basic,UK,17.0,71.0,2,311,Failed,0
Education,Basic,Australia,28.0,15.0,2,245,On_time,0
Technology,Basic,USA,27.0,10.0,6,252,Late,1
Education,Basic,USA,12.0,30.0,0,180,Failed,0
Healthcare,Pro,UK,18.0,78.0,3,162,Failed,0
Technology,Pro,Germany,36.0,47.0,3,270,On_time,0
Travel,Basic,Sri lanka,39.0,23.0,0,21,On_time,0
Healthcare,Pro,Sri lanka,2.0,38.0,2,342,On_time,0
Healthcare,Pro,USA,39.0,71.0,1,132,Failed,0
Technology,Pro,India,36.0,87.0,0,50,Late,0
Healthcare,Enterprise,USA,34.0,50.0,2,203,Failed,0
Education,Enterprise,Germany,15.0,48.0,2,27,Late,0
Healthcare,Enterprise,Australia,34.0,96.0,1,127,On_time,0
Travel,Pro,Germany,39.0,84.0,2,346,Failed,0
Travel,Basic,UK,10.0,58.0,2,227,Failed,0
Retail,Enterprise,Sri lanka,5.0,83.0,0,301,Failed,0
Travel,Enterprise,Australia,39.0,55.0,5,136,Late,0
Finance,Pro,UK,20.0,72.0,1,124,Late,0
Retail,Enterprise,UK,19.0,93.0,3,278,On_time,0
Technology,Basic,USA,1.0,108.0,2,498,Failed,1
Retail,Basic,Germany,7.0,81.0,0,58,Late,0
Retail,Pro,Sri lanka,3.0,30.0,1,453,Failed,1
Finance,Basic,USA,14.0,35.0,0,49,On_time,0
Travel,Enterprise,Australia,26.0,7.0,2,402,Failed,0
Healthcare,Basic,Sri lanka,14.0,63.0,4,290,Failed,1
Retail,Enterprise,Sri lanka,5.0,116.0,2,49,Late,0
Healthcare,Basic,UK,15.0,70.0,5,174,Failed,0
Travel,Pro,Australia,9.0,69.0,1,305,Late,0
Finance,Basic,USA,21.0,99.0,2,236,On_time,0
Education,Basic,Australia,32.0,99.0,2,466,Late,0
Finance,Pro,Australia,32.0,31.0,2,171,Late,0
Healthcare,Basic,USA,31.0,58.0,0,480,Failed,0
Education,Basic,UK,10.0,87.0,1,431,Late,0
Education,Pro,USA,16.0,16.0,5,479,On_time,0
Technology,Basic,USA,38.0,92.0,4,254,Failed,1
Finance,Pro,USA,24.0,74.0,0,378,On_time,0
Education,Basic,USA,10.0,36.0,2,358,Failed,0
Healthcare,Pro,India,15.0,80.0,2,242,On_time,0
Finance,Pro,Sri lanka,17.0,10.0,3,335,Failed,1
Retail,Pro,UK,26.0,102.0,3,452,Late,0
Finance,Basic,USA,13.0,105.0,3,265,Failed,0
Retail,Basic,Sri lanka,17.0,3.0,1,469,Failed,1
Finance,Enterprise,Germany,34.0,90.0,2,300,On_time,0
Finance,Basic,USA,38.0,44.0,3,291,Late,0
Education,Pro,Australia,37.0,76.0,2,48,On_time,0
Finance,Basic,UK,31.0,19.0,2,319,On_time,0
Education,Basic,Germany,35.0,113.0,3,416,Failed,0
Retail,Basic,Germany,4.0,82.0,0,116,On_time,0
Healthcare,Pro,Germany,34.0,34.0,1,289,Failed,0
Travel,Basic,Germany,34.0,112.0,1,396,On_time,0
Finance,Enterprise,India,2.0,98.0,2,208,Failed,1
Travel,Pro,USA,28.0,67.0,0,199,On_time,0
Technology,Basic,Sri lanka,18.0,53.0,1,306,On_time,0
Retail,Enterprise,Germany,27.0,106.0,1,487,Failed,0
Technology,Pro,Germany,21.0,85.0,6,463,Failed,0
Travel,Enterprise,USA,19.0,49.0,3,105,On_time,0
Technology,Basic,India,15.0,50.0,0,435,On_time,0
Travel,Basic,UK,4.0,108.0,3,212,On_time,1
Finance,Basic,Germany,16.0,18.0,1,85,On_time,0
Technology,Enterprise,Australia,9.0,68.0,1,256,On_time,0
Retail,Pro,Australia,8.0,103.0,5,355,Late,0
Healthcare,Basic,UK,15.0,42.0,1,411,Failed,1
Finance,Basic,Australia,10.0,5.0,0,392,On_time,1
Education,Enterprise,Australia,26.0,86.0,2,295,Late,0
Finance,Basic,India,28.0,108.0,4,383,On_time,0
Travel,Basic,USA,9.0,109.0,4,435,On_time,0
Travel,Enterprise,Germany,11.0,106.0,4,193,Late,0
Healthcare,Pro,USA,24.0,93.0,1,294,Late,0
Travel,Basic,Australia,27.0,29.0,4,191,Late,0
Technology,Basic,USA,8.0,55.0,2,451,Late,0
Travel,Enterprise,UK,36.0,61.0,5,109,On_time,0
Education,Basic,India,40.0,71.0,2,49,On_time,0
Healthcare,Enterprise,UK,18.0,106.0,6,283,Late,0
Finance,Enterprise,UK,10.0,32.0,2,82,Late,0
Technology,Enterprise,Australia,40.0,115.0,4,387,On_time,0
Education,Enterprise,Germany,32.0,45.0,2,187,On_time,0
Travel,Enterprise,Germany,14.0,92.0,3,469,On_time,0
Education,Pro,Sri lanka,32.0,13.0,6,163,Failed,1
Healthcare,Enterprise,Sri lanka,3.0,49.0,4,418,On_time,1
Finance,Pro,Sri lanka,17.0,98.0,2,224,On_time,0
Travel,Basic,India,4.0,7.0,0,28,On_time,0
Finance,Basic,Australia,23.0,33.0,1,125,Failed,1
Travel,Enterprise,Sri lanka,34.0,91.0,1,211,Late,0
Finance,Pro,India,25.0,55.0,2,471,Late,0
Finance,Pro,Australia,4.0,107.0,1,43,Failed,0
Finance,Pro,India,10.0,101.0,4,233,Failed,0
Education,Basic,UK,37.0,30.0,5,206,Late,0
Education,Basic,Sri lanka,27.0,101.0,4,44,Late,0
Technology,Pro,Germany,,94.0,2,459,Late,1
Retail,Basic,USA,8.0,55.0,2,427,Failed,1
Technology,Pro,India,7.0,13.0,1,375,On_time,0
Technology,Pro,UK,26.0,42.0,4,144,On_time,0
Retail,Basic,USA,20.0,103.0,1,33,On_time,0
Finance,Enterprise,Sri lanka,40.0,117.0,1,446,Failed,0
Healthcare,Pro,Germany,16.0,110.0,8,106,On_time,1
Finance,Basic,Australia,33.0,68.0,4,72,Late,0
Finance,Pro,UK,10.0,49.0,0,469,Failed,0
Healthcare,Enterprise,UK,31.0,63.0,2,469,Failed,0
Retail,Enterprise,Germany,6.0,73.0,2,272,Failed,0
Education,Enterprise,Australia,8.0,95.0,1,360,Late,0
Education,Enterprise,India,28.0,87.0,1,26,Late,0
Healthcare,Pro,India,4.0,103.0,0,144,Failed,1
Travel,Basic,Germany,15.0,64.0,2,25,Late,0
Technology,Basic,Australia,39.0,50.0,3,408,On_time,0
Healthcare,Basic,Sri lanka,1.0,15.0,0,187,Failed,1
Education,Enterprise,India,34.0,116.0,4,293,Late,0
Travel,Pro,USA,9.0,1.0,1,126,Failed,0
Healthcare,Pro,Australia,2.0,14.0,3,222,Failed,1
Education,Basic,Germany,6.0,3.0,1,370,On_time,1
Retail,Pro,USA,11.0,86.0,2,404,On_time,0
Retail,Enterprise,Australia,15.0,37.0,2,86,Late,0
Finance,Enterprise,Australia,30.0,96.0,1,51,On_time,0
Travel,Enterprise,UK,39.0,96.0,1,449,Failed,0
Travel,Basic,Sri lanka,32.0,43.0,3,386,Late,0
Finance,Basic,USA,40.0,,4,463,Failed,1
Travel,Enterprise,USA,33.0,100.0,0,185,Failed,0
Retail,Basic,UK,22.0,26.0,1,92,Failed,0
Retail,Enterprise,Germany,18.0,43.0,3,357,On_time,0
Education,Enterprise,UK,22.0,115.0,1,170,On_time,0
Travel,Basic,Sri lanka,12.0,116.0,1,348,Failed,1
Education,Enterprise,Germany,13.0,40.0,0,228,Failed,0
Retail,Enterprise,Sri lanka,7.0,17.0,0,453,Failed,1
Healthcare,Basic,India,24.0,2.0,1,180,Failed,1
Healthcare,Basic,Germany,21.0,117.0,2,281,On_time,0
Healthcare,Pro,Australia,35.0,82.0,2,292,Late,0
Healthcare,Basic,Australia,36.0,90.0,2,276,On_time,0
Healthcare,Pro,UK,14.0,8.0,2,81,On_time,0
Education,Pro,Australia,1.0,115.0,1,231,Failed,1
Finance,Basic,India,36.0,39.0,3,91,On_time,0
Technology,Enterprise,India,27.0,10.0,3,209,Late,0
Travel,Basic,Germany,33.0,19.0,2,382,Late,0
Healthcare,Basic,India,37.0,,3,29,On_time,0
Retail,Enterprise,Australia,2.0,8.0,3,320,Late,0
Travel,Enterprise,Germany,1.0,98.0,4,468,On_time,0
Education,Basic,Germany,3.0,69.0,2,348,Failed,1
Healthcare,Basic,Australia,32.0,70.0,2,265,Late,0
Technology,Enterprise,UK,27.0,8.0,1,474,On_time,0
Technology,Basic,India,18.0,86.0,1,308,Late,0
Education,Basic,USA,7.0,3.0,2,291,Failed,1
Technology,Enterprise,India,16.0,118.0,3,75,On_time,0
Education,Basic,UK,26.0,59.0,1,402,Late,0
Healthcare,Pro,Australia,1.0,8.0,4,86,Late,1
Education,Basic,USA,19.0,1.0,3,346,On_time,0
Finance,Enterprise,India,6.0,49.0,0,96,On_time,0
Education,Basic,Germany,12.0,4.0,2,147,Failed,0
Technology,Basic,UK,,107.0,2,175,Late,0
Travel,Enterprise,Sri lanka,40.0,81.0,0,156,Failed,1
Healthcare,Enterprise,Germany,2.0,63.0,1,50,Failed,1
Finance,Enterprise,Sri lanka,7.0,30.0,4,141,Late,0
Healthcare,Enterprise,Australia,26.0,1.0,2,473,Failed,1
Travel,Pro,Sri lanka,18.0,65.0,3,315,On_time,0
Retail,Basic,Australia,17.0,89.0,3,457,Failed,0
Retail,Pro,India,25.0,93.0,0,343,Failed,1
Finance,Pro,Australia,14.0,46.0,3,35,Late,0
Retail,Pro,Sri lanka,14.0,80.0,1,146,Late,0
Healthcare,Enterprise,India,6.0,1.0,0,404,Late,0
Travel,Basic,India,40.0,63.0,5,497,Failed,0
Education,Enterprise,USA,4.0,87.0,3,246,On_time,1
Travel,Enterprise,UK,29.0,76.0,0,29,Late,0
Healthcare,Pro,India,18.0,47.0,1,105,Late,0
Healthcare,Enterprise,UK,26.0,90.0,2,409,Failed,1
Technology,Enterprise,Australia,14.0,33.0,4,438,Late,0
Technology,Pro,Australia,36.0,116.0,1,279,Failed,1
Retail,Pro,Germany,10.0,6.0,1,118,Failed,1
Healthcare,Basic,USA,10.0,117.0,3,238,Late,0
Finance,Pro,India,18.0,115.0,0,363,Failed,1
Retail,Pro,UK,5.0,24.0,1,450,On_time,0
Finance,Pro,Germany,38.0,44.0,2,343,On_time,0
Retail,Enterprise,UK,5.0,53.0,0,297,Failed,1
Technology,Pro,Sri lanka,7.0,22.0,3,42,On_time,0
Education,Basic,UK,10.0,5.0,4,362,Failed,1
Retail,Pro,Australia,32.0,72.0,2,101,Late,0
Finance,Basic,Germany,29.0,87.0,0,194,Failed,1
Education,Basic,India,18.0,54.0,2,82,Late,0
Retail,Enterprise,Germany,39.0,98.0,1,140,Late,0
Travel,Pro,Germany,24.0,69.0,3,436,On_time,0
Finance,Pro,Germany,32.0,59.0,1,476,Failed,1
Travel,Enterprise,Germany,11.0,97.0,1,373,Late,0
Healthcare,Basic,UK,7.0,31.0,2,124,On_time,0
Technology,Pro,India,8.0,90.0,3,219,On_time,0
Retail,Basic,USA,15.0,98.0,2,238,On_time,0
Healthcare,Enterprise,Australia,21.0,5.0,2,355,On_time,0
Technology,Enterprise,Australia,31.0,90.0,0,438,Late,0
Travel,Basic,USA,6.0,97.0,1,181,Late,0
Retail,Pro,Sri lanka,15.0,6.0,2,340,On_time,0
Technology,Pro,Australia,28.0,100.0,4,479,Failed,0
Healthcare,Basic,Australia,7.0,64.0,2,402,Late,0
Healthcare,Pro,Germany,14.0,34.0,3,55,Failed,0
Retail,Pro,Germany,15.0,19.0,0,88,Late,0
Travel,Pro,USA,19.0,107.0,0,199,On_time,0
Finance,Enterprise,India,12.0,83.0,3,326,Late,0
Education,Basic,USA,34.0,112.0,5,467,Late,0
Technology,Basic,UK,38.0,33.0,2,145,Failed,1
Travel,Pro,USA,11.0,24.0,1,167,Failed,0
Healthcare,Basic,India,10.0,89.0,2,251,Failed,0
Healthcare,Basic,Germany,40.0,114.0,1,479,On_time,0
Travel,Basic,Australia,4.0,23.0,1,316,Late,0
Finance,Enterprise,UK,26.0,92.0,3,469,Late,0
Travel,Enterprise,Germany,36.0,79.0,3,183,On_time,0
Technology,Basic,Australia,33.0,15.0,7,301,On_time,0
Education,Pro,India,1.0,83.0,2,369,On_time,0
Travel,Pro,Germany,29.0,95.0,2,316,Late,0
Technology,Pro,Germany,15.0,54.0,1,453,On_time,0
Finance,Enterprise,Sri lanka,39.0,22.0,1,295,On_time,0
Healthcare,Basic,USA,16.0,67.0,1,246,On_time,0
Technology,Enterprise,Australia,26.0,57.0,2,209,On_time,0
Technology,Basic,Australia,34.0,98.0,0,74,On_time,0
Technology,Basic,Sri lanka,20.0,50.0,3,446,Failed,0
Retail,Basic,Germany,39.0,76.0,1,457,Failed,0
Education,Enterprise,Sri lanka,16.0,55.0,1,185,On_time,0
Retail,Pro,Australia,24.0,115.0,2,158,On_time,0
Finance,Enterprise,UK,14.0,,3,457,On_time,0
Technology,Enterprise,India,14.0,83.0,5,49,Failed,1
Finance,Pro,India,4.0,69.0,1,227,Late,0
Travel,Basic,UK,30.0,77.0,1,379,Failed,1
Finance,Basic,India,15.0,84.0,0,202,Late,0
Travel,Basic,Germany,5.0,118.0,2,312,On_time,0
Technology,Enterprise,Sri lanka,13.0,93.0,2,266,Late,0
Finance,Enterprise,India,8.0,60.0,0,134,Late,0
Education,Basic,Germany,20.0,79.0,2,400,Late,0
Technology,Pro,USA,11.0,27.0,2,456,On_time,0
Technology,Pro,Sri lanka,1.0,3.0,3,388,On_time,0
Retail,Enterprise,USA,15.0,38.0,0,204,On_time,0
Healthcare,Basic,Germany,8.0,72.0,0,114,On_time,0
Healthcare,Basic,Sri lanka,29.0,41.0,1,294,Failed,0
Finance,Basic,India,,53.0,1,274,Failed,1
Technology,Basic,India,28.0,96.0,2,411,Late,0
Technology,Enterprise,India,14.0,3.0,5,101,Failed,0
Technology,Enterprise,Sri lanka,7.0,112.0,4,22,On_time,0
Healthcare,Enterprise,Germany,38.0,4.0,3,116,Late,0
Retail,Enterprise,Sri lanka,20.0,14.0,1,150,Late,0
Technology,Pro,India,24.0,94.0,1,157,Failed,1
Finance,Enterprise,Australia,29.0,40.0,0,40,On_time,0
Technology,Pro,Australia,39.0,,4,55,Late,0
Healthcare,Pro,India,9.0,22.0,4,416,Late,0
Technology,Pro,USA,,100.0,0,312,Late,0
Retail,Pro,Australia,30.0,74.0,4,277,Failed,0
Technology,Enterprise,Germany,4.0,8.0,1,96,Late,1
Healthcare,Basic,India,21.0,,0,448,Failed,1
Finance,Basic,USA,40.0,26.0,1,456,Late,0
Finance,Basic,Australia,33.0,52.0,1,198,On_time,0
Education,Basic,Germany,25.0,109.0,1,53,On_time,0
Travel,Basic,USA,3.0,110.0,4,62,On_time,0
Retail,Enterprise,India,29.0,106.0,1,181,Failed,1
Retail,Basic,UK,38.0,57.0,0,273,On_time,0
Travel,Pro,Australia,2.0,12.0,1,347,Failed,0
Finance,Pro,UK,21.0,117.0,2,90,Failed,1
Retail,Pro,Germany,15.0,109.0,1,297,Failed,0
Finance,Basic,USA,32.0,,2,489,Late,0
Technology,Pro,Australia,28.0,106.0,4,231,Late,0
Finance,Pro,Australia,8.0,58.0,2,125,On_time,0
Travel,Basic,UK,8.0,33.0,1,62,On_time,0
Travel,Enterprise,Sri lanka,3.0,104.0,0,303,Late,1
Finance,Enterprise,Sri lanka,6.0,47.0,1,434,Late,0
Travel,Basic,Sri lanka,29.0,106.0,2,418,Late,0
Education,Enterprise,Germany,26.0,76.0,1,23,On_time,0
Retail,Pro,India,31.0,3.0,1,164,Failed,1
Travel,Basic,Sri lanka,10.0,66.0,1,490,Failed,1
Education,Pro,Australia,32.0,87.0,1,79,Late,0
Healthcare,Pro,Germany,2.0,15.0,5,77,Late,1
Education,Enterprise,Germany,17.0,110.0,1,193,Late,0
Technology,Basic,Sri lanka,7.0,70.0,0,354,Failed,0
Travel,Pro,UK,31.0,89.0,1,138,Late,0
Technology,Enterprise,UK,5.0,5.0,4,276,On_time,0
Retail,Basic,India,29.0,36.0,3,363,Late,0
Travel,Enterprise,Sri lanka,19.0,12.0,1,146,Failed,0
Technology,Pro,USA,34.0,43.0,2,185,Late,0
Travel,Pro,USA,29.0,114.0,2,232,Late,0
Technology,Basic,Australia,26.0,118.0,1,215,Late,0
Retail,Basic,USA,21.0,21.0,3,325,Failed,0
Healthcare,Enterprise,USA,34.0,6.0,2,282,Failed,1
Travel,Basic,UK,33.0,77.0,4,364,On_time,0
Travel,Basic,UK,33.0,104.0,3,270,Late,0
Healthcare,Pro,USA,,29.0,2,123,Failed,1
Healthcare,Enterprise,Sri lanka,23.0,31.0,3,449,On_time,0
Retail,Basic,Germany,15.0,52.0,2,42,Failed,1
Travel,Pro,Germany,17.0,110.0,2,205,On_time,0
Finance,Pro,Sri lanka,22.0,50.0,2,447,Failed,0
Travel,Enterprise,Sri lanka,19.0,118.0,3,225,Late,0
Travel,Basic,Sri lanka,18.0,27.0,1,93,Late,0
Technology,Enterprise,Sri lanka,15.0,83.0,1,67,On_time,0
Healthcare,Basic,Sri lanka,8.0,113.0,2,287,Failed,0
Education,Basic,India,,97.0,2,126,On_time,0
Technology,Enterprise,India,6.0,95.0,2,356,Failed,0
Finance,Basic,Sri lanka,18.0,22.0,3,363,Late,0
Healthcare,Enterprise,Sri lanka,8.0,21.0,4,460,Failed,0
Finance,Basic,India,33.0,33.0,0,319,On_time,0
Finance,Pro,UK,31.0,117.0,3,23,Failed,0
Education,Pro,USA,8.0,98.0,3,146,Late,0
Travel,Pro,Sri lanka,10.0,9.0,4,330,Failed,1
Retail,Pro,Sri lanka,28.0,102.0,2,84,Failed,0
Finance,Pro,India,3.0,79.0,1,34,Failed,1
Retail,Enterprise,UK,23.0,78.0,0,139,Failed,1
Education,Basic,USA,9.0,44.0,3,219,Failed,1
Technology,Pro,India,22.0,52.0,3,337,Failed,0
Retail,Enterprise,Sri lanka,26.0,99.0,4,448,Late,0
Education,Pro,UK,5.0,78.0,3,235,On_time,0
Travel,Enterprise,UK,20.0,47.0,4,197,Late,0
Retail,Basic,Sri lanka,28.0,86.0,2,475,Late,0
Technology,Pro,USA,38.0,92.0,3,255,On_time,0
Retail,Pro,India,34.0,109.0,1,247,Failed,0
Retail,Basic,Sri lanka,6.0,102.0,0,127,On_time,0
Travel,Basic,Germany,7.0,90.0,0,196,Late,0
Finance,Enterprise,UK,23.0,52.0,3,312,Late,0
Healthcare,Pro,UK,18.0,20.0,0,138,On_time,0
Travel,Pro,Sri lanka,23.0,94.0,4,496,Late,0
Education,Basic,India,14.0,112.0,3,268,Late,0
Finance,Pro,Germany,4.0,3.0,2,234,Failed,1
Technology,Enterprise,USA,40.0,25.0,0,426,Failed,0
Education,Pro,Sri lanka,2.0,57.0,0,199,On_time,1
Travel,Pro,UK,35.0,74.0,2,52,On_time,0
Healthcare,Enterprise,USA,1.0,34.0,1,183,Failed,0
Healthcare,Basic,India,13.0,58.0,0,378,Late,0
Retail,Pro,Sri lanka,16.0,114.0,2,465,Failed,1
Travel,Basic,India,22.0,112.0,4,86,Late,0
Travel,Pro,Australia,4.0,30.0,2,294,On_time,1
Retail,Basic,India,39.0,48.0,1,312,On_time,0
Healthcare,Basic,Sri lanka,31.0,74.0,3,63,Failed,0
Education,Pro,USA,18.0,64.0,1,74,Failed,0
Travel,Enterprise,Australia,10.0,117.0,2,370,On_time,0
Education,Basic,Sri lanka,7.0,17.0,3,279,Late,0
Healthcare,Pro,Sri lanka,23.0,75.0,5,485,Late,0
Healthcare,Enterprise,Germany,38.0,42.0,1,80,Failed,1
Finance,Pro,USA,40.0,67.0,1,383,On_time,0
Education,Enterprise,India,39.0,36.0,2,480,Failed,0
Technology,Enterprise,Germany,36.0,24.0,3,190,On_time,0
Retail,Basic,USA,31.0,28.0,2,260,Failed,1
Finance,Enterprise,Australia,24.0,58.0,7,166,Late,0
Technology,Pro,India,26.0,92.0,3,69,Failed,0
Finance,Enterprise,Australia,29.0,54.0,2,39,On_time,0
Travel,Enterprise,Germany,13.0,91.0,0,192,On_time,0
Technology,Basic,Sri lanka,2.0,105.0,2,384,Late,1
Education,Enterprise,UK,4.0,114.0,1,226,On_time,0
Finance,Pro,USA,32.0,61.0,4,340,Late,0
Healthcare,Enterprise,USA,14.0,93.0,1,84,Late,0
Finance,Enterprise,India,10.0,13.0,1,157,On_time,0
Travel,Basic,Australia,40.0,23.0,1,445,Failed,0
Finance,Enterprise,Germany,35.0,66.0,3,226,On_time,0
Travel,Basic,Australia,18.0,24.0,2,237,On_time,0
Technology,Enterprise,Sri lanka,8.0,94.0,0,88,Late,0
Retail,Pro,Australia,31.0,97.0,2,403,On_time,0
Education,Basic,Sri lanka,8.0,103.0,3,455,Late,0
Finance,Basic,UK,34.0,87.0,4,313,Failed,1
Technology,Pro,Sri lanka,10.0,54.0,0,253,On_time,0
Retail,Enterprise,Germany,6.0,6.0,1,131,On_time,1
Finance,Enterprise,Australia,40.0,7.0,1,467,Failed,1
Travel,Basic,Australia,26.0,,1,32,On_time,0
Finance,Basic,USA,18.0,94.0,4,329,Failed,0
Technology,Pro,UK,5.0,35.0,1,63,Failed,0
Technology,Basic,Sri lanka,14.0,38.0,4,329,On_time,0
Finance,Pro,Sri lanka,22.0,49.0,5,191,Late,0
Finance,Basic,Germany,6.0,65.0,4,458,Failed,1
Education,Enterprise,USA,38.0,63.0,5,288,Late,0
Technology,Basic,India,20.0,90.0,2,157,On_time,0
Retail,Basic,UK,6.0,114.0,2,405,On_time,0
Finance,Basic,Australia,15.0,17.0,2,261,Failed,0
Finance,Basic,Australia,10.0,73.0,1,87,On_time,0
Finance,Enterprise,UK,3.0,42.0,0,170,Late,0
Retail,Basic,Australia,20.0,6.0,1,49,Failed,1
Healthcare,Basic,India,9.0,,3,325,On_time,0
Technology,Pro,Germany,12.0,95.0,2,401,On_time,0
Education,Enterprise,UK,17.0,66.0,3,100,On_time,0
Travel,Pro,India,27.0,7.0,2,386,On_time,0
Travel,Basic,UK,18.0,38.0,2,453,Failed,0
Healthcare,Pro,India,31.0,116.0,0,129,Failed,1
Retail,Basic,Australia,19.0,51.0,4,304,Late,0
Travel,Enterprise,India,10.0,12.0,4,82,Failed,0
Travel,Pro,USA,,3.0,2,288,Failed,0
Finance,Basic,Australia,29.0,38.0,1,365,Failed,1
Healthcare,Enterprise,Germany,20.0,5.0,3,98,Failed,1
Education,Pro,UK,1.0,86.0,4,400,On_time,0
Technology,Pro,USA,8.0,113.0,2,29,Failed,0
Finance,Enterprise,UK,25.0,,3,471,On_time,0
Education,Basic,USA,4.0,94.0,4,131,On_time,0
Finance,Pro,Australia,21.0,4.0,1,262,On_time,0
Travel,Pro,Sri lanka,2.0,9.0,4,108,Failed,1
Healthcare,Enterprise,Sri lanka,26.0,58.0,1,86,On_time,0
Travel,Pro,India,35.0,50.0,4,212,Late,0
Technology,Pro,Sri lanka,29.0,77.0,2,216,On_time,0
Education,Pro,India,34.0,,1,284,Late,0
Technology,Enterprise,Germany,8.0,44.0,2,371,On_time,0
Retail,Basic,India,16.0,100.0,2,78,Late,0
Education,Enterprise,Australia,17.0,31.0,0,273,Failed,0
Travel,Pro,Germany,20.0,5.0,3,376,On_time,0
Education,Enterprise,Australia,28.0,50.0,1,352,Failed,1
Finance,Basic,Sri lanka,24.0,112.0,4,402,On_time,0
Retail,Enterprise,India,,49.0,5,83,Failed,0
Travel,Basic,India,34.0,18.0,1,270,Failed,1
Retail,Enterprise,Sri lanka,,59.0,5,218,Failed,0
Retail,Basic,Germany,38.0,64.0,1,38,Failed,1
Travel,Enterprise,USA,9.0,74.0,3,498,Failed,0
Healthcare,Enterprise,Sri lanka,15.0,28.0,2,117,On_time,0
Education,Enterprise,USA,17.0,39.0,5,328,On_time,0
Technology,Enterprise,Sri lanka,6.0,37.0,1,142,Failed,1
Healthcare,Pro,Australia,5.0,90.0,2,344,Failed,0
Travel,Basic,Australia,2.0,59.0,4,34,On_time,1
Travel,Pro,UK,10.0,22.0,2,488,Late,0
Retail,Basic,UK,22.0,110.0,4,54,Failed,0
Technology,Pro,Sri lanka,18.0,42.0,1,465,Failed,0
Technology,Enterprise,USA,32.0,8.0,4,51,Failed,1
Finance,Basic,USA,39.0,28.0,1,352,Late,0
Education,Enterprise,UK,15.0,18.0,1,179,Late,0
Retail,Enterprise,Sri lanka,40.0,20.0,2,401,On_time,0
Healthcare,Basic,USA,35.0,111.0,4,236,Failed,0
Technology,Pro,USA,34.0,92.0,3,221,Failed,0
Travel,Pro,Germany,24.0,65.0,0,172,Late,0
Finance,Basic,Australia,28.0,36.0,1,257,Failed,1
Retail,Pro,USA,8.0,95.0,0,345,Late,0
Healthcare,Pro,Australia,,67.0,4,486,Failed,0
Healthcare,Enterprise,Germany,9.0,71.0,4,196,Late,0
Retail,Pro,Australia,12.0,6.0,0,40,Failed,1
Education,Basic,Germany,15.0,67.0,2,343,On_time,0
Technology,Pro,Sri lanka,32.0,66.0,4,229,On_time,0
Technology,Basic,Australia,36.0,19.0,1,426,Failed,0
Finance,Enterprise,UK,30.0,89.0,3,83,On_time,0
Education,Basic,Australia,4.0,95.0,5,247,Late,0
Technology,Pro,India,19.0,64.0,1,160,Failed,1
Travel,Pro,Australia,25.0,100.0,0,61,Late,0
Travel,Enterprise,USA,39.0,30.0,1,130,Failed,1
Finance,Enterprise,India,21.0,86.0,1,153,On_time,0
Travel,Enterprise,UK,16.0,66.0,4,404,On_time,0
Healthcare,Pro,Sri lanka,19.0,46.0,0,75,Late,0
Healthcare,Pro,India,37.0,17.0,3,179,On_time,0
Travel,Basic,UK,19.0,28.0,0,221,On_time,0
Education,Enterprise,Germany,20.0,25.0,2,350,Late,0
Technology,Basic,Australia,7.0,17.0,1,167,On_time,0
Healthcare,Enterprise,USA,38.0,75.0,3,163,Late,0
Retail,Enterprise,Australia,23.0,60.0,2,271,Late,0
Technology,Basic,India,38.0,48.0,5,295,On_time,0
Retail,Basic,Australia,34.0,41.0,1,42,On_time,0
Finance,Enterprise,Sri lanka,38.0,44.0,2,212,Failed,0
Technology,Pro,India,20.0,118.0,3,368,Late,0
Retail,Enterprise,USA,38.0,1.0,1,356,On_time,1
Technology,Basic,UK,19.0,63.0,3,310,On_time,0
Finance,Pro,Sri lanka,16.0,56.0,2,495,Late,0
Education,Pro,Sri lanka,12.0,33.0,0,196,Failed,1
Retail,Basic,UK,21.0,60.0,1,452,On_time,0
Finance,Enterprise,India,36.0,,4,351,Failed,0
Technology,Basic,Germany,8.0,54.0,1,370,Late,0
Healthcare,Enterprise,USA,24.0,68.0,4,176,On_time,0
Finance,Enterprise,USA,15.0,70.0,4,355,On_time,0
Education,Enterprise,Australia,19.0,98.0,2,184,On_time,0
Finance,Basic,Germany,10.0,49.0,3,176,On_time,0
Retail,Pro,India,23.0,27.0,2,343,On_time,0
Education,Basic,Australia,14.0,106.0,3,376,Failed,0
Technology,Pro,Germany,8.0,53.0,1,278,On_time,0
Finance,Enterprise,Sri lanka,14.0,17.0,2,175,On_time,0
Finance,Basic,Germany,14.0,9.0,3,314,On_time,0
Education,Pro,USA,18.0,13.0,2,432,On_time,0
Finance,Enterprise,UK,8.0,26.0,4,206,On_time,0
Retail,Pro,Sri lanka,31.0,70.0,2,162,On_time,0
Finance,Pro,India,5.0,92.0,3,274,On_time,0
Retail,Basic,Sri lanka,15.0,87.0,3,322,Failed,1
Education,Enterprise,UK,30.0,109.0,1,211,On_time,0
Education,Basic,Sri lanka,,52.0,1,77,On_time,0
Finance,Pro,UK,32.0,117.0,1,119,On_time,0
Healthcare,Basic,Sri lanka,21.0,46.0,1,449,On_time,0
Travel,Pro,India,14.0,88.0,2,100,On_time,0
Retail,Basic,Sri lanka,4.0,75.0,2,437,Late,0
Retail,Pro,Sri lanka,23.0,61.0,4,447,On_time,0
Finance,Basic,Sri lanka,13.0,88.0,0,126,On_time,0
Healthcare,Enterprise,USA,18.0,98.0,1,276,Late,0
Education,Enterprise,Australia,31.0,50.0,2,186,On_time,0
Finance,Basic,Germany,15.0,33.0,1,164,On_time,0
Healthcare,Enterprise,USA,25.0,106.0,1,315,Failed,0
Finance,Basic,Sri lanka,30.0,69.0,3,278,On_time,0
Finance,Basic,Australia,12.0,65.0,5,253,Late,0
Healthcare,Basic,Germany,24.0,54.0,2,490,Failed,1
Retail,Basic,Germany,25.0,101.0,2,242,Failed,0
Technology,Pro,USA,25.0,84.0,1,34,On_time,0
Technology,Enterprise,Sri lanka,28.0,13.0,5,329,On_time,0
Education,Basic,Germany,15.0,12.0,1,353,Failed,0
Retail,Basic,India,29.0,53.0,2,195,On_time,0
Retail,Basic,Sri lanka,3.0,66.0,1,419,On_time,1
Healthcare,Basic,India,31.0,118.0,1,198,Failed,0
Retail,Pro,Germany,18.0,47.0,4,386,On_time,0
Travel,Pro,India,2.0,59.0,0,137,On_time,0
Technology,Pro,Germany,,55.0,0,50,Late,0
Education,Pro,India,33.0,87.0,5,486,On_time,0
Retail,Pro,Germany,24.0,3.0,0,246,Failed,1
Retail,Basic,USA,,17.0,1,90,Failed,0
Finance,Basic,India,5.0,,0,131,Failed,0
Finance,Enterprise,Australia,7.0,37.0,2,60,On_time,0
Technology,Enterprise,UK,33.0,20.0,0,53,Failed,1
Healthcare,Enterprise,Sri lanka,36.0,91.0,4,379,Late,0
Finance,Enterprise,USA,13.0,93.0,2,206,On_time,0
Travel,Basic,UK,13.0,86.0,3,128,Late,0
Retail,Enterprise,USA,1.0,11.0,3,63,Failed,0
Retail,Basic,Sri lanka,6.0,28.0,3,292,Failed,0
Travel,Enterprise,Australia,38.0,9.0,2,388,Late,0
Healthcare,Pro,USA,27.0,25.0,4,211,On_time,0
Education,Enterprise,Germany,18.0,47.0,1,69,Late,0
Technology,Enterprise,India,5.0,88.0,4,443,Failed,0
Finance,Pro,UK,2.0,83.0,2,275,Failed,1
Finance,Pro,India,35.0,105.0,5,158,Failed,0
Travel,Enterprise,India,34.0,113.0,5,178,Late,0
Healthcare,Enterprise,Germany,6.0,14.0,2,313,On_time,0
Technology,Enterprise,India,39.0,98.0,1,108,Failed,0
Technology,Pro,USA,36.0,16.0,4,305,Failed,0
Education,Basic,Australia,5.0,18.0,1,475,Failed,0
Healthcare,Enterprise,Australia,7.0,116.0,7,488,Late,1
Retail,Enterprise,India,21.0,89.0,1,52,On_time,0
Retail,Basic,UK,20.0,25.0,3,418,Late,0
Education,Basic,Sri lanka,6.0,,1,438,On_time,0
Retail,Basic,India,22.0,34.0,4,80,Late,0
Finance,Pro,Sri lanka,14.0,95.0,0,235,Failed,0
Education,Enterprise,Germany,21.0,48.0,5,404,On_time,0
Retail,Enterprise,India,13.0,3.0,0,441,Failed,1
Travel,Pro,USA,15.0,100.0,0,214,Failed,1
Technology,Enterprise,Germany,4.0,5.0,1,283,Failed,1
Finance,Pro,India,12.0,64.0,0,78,On_time,0
Travel,Basic,India,3.0,91.0,1,116,Late,0
Retail,Enterprise,UK,14.0,118.0,7,156,Failed,0
Education,Basic,Germany,23.0,78.0,4,152,Failed,0
Technology,Basic,India,19.0,115.0,3,49,On_time,0
Technology,Pro,Sri lanka,3.0,92.0,0,406,Failed,0
Healthcare,Pro,Sri lanka,5.0,83.0,2,377,Failed,0
Technology,Enterprise,UK,9.0,60.0,2,116,Late,0
Education,Pro,UK,25.0,42.0,1,398,Late,0
Finance,Enterprise,Germany,9.0,67.0,1,39,Late,0
Education,Basic,UK,23.0,37.0,0,155,Failed,0
Technology,Enterprise,India,37.0,45.0,1,297,On_time,0
Education,Enterprise,UK,5.0,110.0,4,325,Late,0
Travel,Pro,USA,19.0,116.0,3,330,Late,0
Retail,Pro,Australia,1.0,54.0,2,482,Failed,1
Finance,Pro,Sri lanka,21.0,88.0,1,156,On_time,0
Education,Enterprise,Australia,35.0,20.0,2,43,Failed,0
Education,Enterprise,India,24.0,47.0,3,96,Failed,1
Education,Pro,Sri lanka,4.0,109.0,0,372,Failed,1
Education,Enterprise,India,5.0,92.0,3,65,On_time,0
Healthcare,Pro,UK,11.0,12.0,3,416,Late,0
Healthcare,Enterprise,Australia,2.0,68.0,1,471,On_time,0
Education,Enterprise,India,6.0,87.0,2,289,Failed,0
Finance,Enterprise,India,21.0,43.0,1,201,Late,0
Retail,Pro,Sri lanka,38.0,17.0,0,64,On_time,0
Healthcare,Pro,Australia,10.0,61.0,1,52,On_time,0
Technology,Enterprise,USA,31.0,112.0,2,439,Late,0
Finance,Basic,UK,40.0,103.0,1,440,Failed,0
Healthcare,Enterprise,UK,4.0,22.0,0,484,Late,1
Healthcare,Basic,Germany,14.0,78.0,2,489,Late,0
Healthcare,Enterprise,UK,16.0,94.0,0,427,Late,0
Education,Pro,Sri lanka,36.0,99.0,2,494,On_time,0
Retail,Enterprise,USA,11.0,38.0,2,493,Late,0
Technology,Basic,UK,31.0,83.0,2,407,Failed,0
Finance,Pro,USA,10.0,63.0,6,262,On_time,0
Retail,Basic,Australia,17.0,18.0,2,413,On_time,0
Travel,Basic,India,37.0,48.0,0,75,On_time,0
Travel,Basic,Sri lanka,12.0,36.0,4,492,Late,0
Healthcare,Enterprise,UK,30.0,53.0,0,204,On_time,0
Education,Basic,India,4.0,43.0,3,183,Late,1
Retail,Pro,India,35.0,88.0,3,196,Failed,1
Retail,Pro,Sri lanka,26.0,26.0,2,223,On_time,0
Travel,Pro,Australia,33.0,100.0,4,273,Failed,0
Finance,Pro,Australia,22.0,23.0,1,133,On_time,0
Technology,Enterprise,USA,4.0,110.0,2,357,Late,1
Healthcare,Enterprise,USA,28.0,,3,22,Late,0
Finance,Pro,India,19.0,20.0,1,484,On_time,0
Travel,Pro,USA,35.0,78.0,3,444,Failed,0
Retail,Basic,Sri lanka,22.0,102.0,2,184,On_time,0
Technology,Basic,India,2.0,54.0,4,186,Late,1
Retail,Enterprise,Sri lanka,7.0,4.0,4,333,On_time,0
Retail,Enterprise,Germany,13.0,19.0,1,447,Late,0
Technology,Pro,USA,35.0,58.0,4,271,Failed,1
Finance,Basic,Sri lanka,10.0,66.0,1,362,On_time,0
Healthcare,Enterprise,Germany,11.0,36.0,2,26,Failed,1
Education,Enterprise,USA,27.0,77.0,3,400,Late,0
Education,Pro,USA,12.0,71.0,3,318,Late,0
Travel,Pro,India,17.0,68.0,1,60,On_time,0
Travel,Pro,Germany,24.0,98.0,4,466,On_time,0
Technology,Enterprise,Australia,35.0,23.0,0,186,Failed,1
Finance,Pro,USA,23.0,26.0,1,387,Late,0
Technology,Basic,USA,10.0,65.0,0,452,Failed,0
Healthcare,Basic,India,27.0,115.0,1,291,Late,0
Finance,Enterprise,USA,2.0,111.0,6,92,Late,1
Finance,Basic,India,18.0,94.0,1,465,Failed,0
Travel,Pro,Sri lanka,20.0,19.0,0,365,Late,0
Finance,Enterprise,UK,10.0,24.0,3,90,Late,0
Technology,Pro,Sri lanka,30.0,17.0,2,498,Failed,0
Retail,Enterprise,USA,27.0,114.0,0,402,Failed,0
Healthcare,Basic,Australia,1.0,79.0,3,27,On_time,0
Technology,Pro,Sri lanka,26.0,79.0,1,323,On_time,0
Education,Basic,USA,19.0,56.0,1,327,Failed,0
Retail,Basic,USA,34.0,36.0,1,354,On_time,0
Retail,Basic,Australia,18.0,71.0,1,358,Failed,0
Healthcare,Enterprise,Germany,40.0,65.0,2,142,On_time,0
Finance,Enterprise,Sri lanka,19.0,63.0,4,134,Failed,1
Retail,Enterprise,USA,32.0,99.0,4,120,Failed,1
Technology,Enterprise,India,39.0,38.0,4,220,Failed,0
Education,Basic,Australia,38.0,49.0,2,317,Failed,1
Technology,Pro,India,24.0,48.0,4,326,On_time,0
Travel,Basic,India,,32.0,1,423,Late,0
Travel,Pro,USA,25.0,109.0,2,131,Late,0
Education,Pro,UK,39.0,68.0,3,141,Failed,0
Finance,Enterprise,Sri lanka,11.0,117.0,1,186,On_time,0
Finance,Enterprise,USA,28.0,110.0,3,298,Failed,0
Education,Pro,Australia,21.0,80.0,0,131,Late,0
Finance,Enterprise,India,26.0,101.0,3,352,On_time,0
Travel,Basic,UK,26.0,85.0,1,80,Late,0
Healthcare,Pro,Australia,38.0,12.0,1,85,On_time,0
Travel,Pro,Australia,39.0,76.0,2,254,On_time,0
Education,Pro,Australia,19.0,31.0,2,454,Failed,0
Technology,Enterprise,Australia,13.0,100.0,1,457,On_time,0
Education,Basic,Germany,37.0,67.0,5,217,Late,0
Finance,Pro,UK,27.0,23.0,3,423,Late,0
Finance,Basic,India,18.0,63.0,3,494,Late,0
Healthcare,Enterprise,UK,16.0,85.0,3,481,Late,0
Finance,Pro,UK,19.0,35.0,0,79,On_time,0
Education,Pro,Germany,6.0,60.0,4,371,Failed,1
Technology,Pro,Sri lanka,21.0,64.0,2,42,Late,0
Finance,Basic,India,35.0,37.0,1,116,Failed,0
Retail,Enterprise,USA,25.0,110.0,1,207,On_time,0
Finance,Basic,Australia,38.0,104.0,2,492,Late,0
Education,Enterprise,India,26.0,19.0,2,474,On_time,0
Travel,Enterprise,India,18.0,56.0,0,404,Failed,0
Technology,Basic,India,3.0,95.0,0,27,On_time,0
Finance,Pro,UK,1.0,62.0,1,420,On_time,0
Healthcare,Enterprise,UK,11.0,111.0,2,133,Failed,0
Education,Pro,UK,2.0,68.0,1,342,Failed,1
Travel,Basic,India,40.0,5.0,1,137,Failed,1
Retail,Basic,Sri lanka,37.0,11.0,2,135,Failed,0
Finance,Basic,UK,3.0,13.0,3,292,Late,1
Retail,Basic,Sri lanka,14.0,63.0,3,403,Failed,0
Technology,Enterprise,USA,37.0,30.0,1,154,Late,0
Retail,Basic,UK,14.0,48.0,3,462,Failed,1
Retail,Basic,Germany,6.0,8.0,2,128,Late,0
Finance,Pro,USA,9.0,63.0,4,235,Failed,0
Retail,Pro,Australia,24.0,85.0,3,459,On_time,0
Travel,Pro,India,34.0,82.0,4,207,Failed,0
Finance,Basic,USA,4.0,29.0,2,411,Late,1
Retail,Enterprise,Sri lanka,32.0,97.0,1,352,On_time,0
Education,Pro,India,22.0,62.0,0,122,Late,0
Education,Basic,USA,22.0,100.0,2,368,On_time,0
Travel,Enterprise,USA,6.0,114.0,6,462,Late,0
Travel,Pro,Australia,21.0,65.0,2,359,Failed,0
Technology,Enterprise,India,16.0,73.0,4,330,Late,0
Technology,Enterprise,USA,7.0,112.0,4,430,On_time,0
Retail,Basic,Australia,12.0,13.0,3,50,Late,0
Education,Basic,USA,13.0,76.0,2,396,On_time,0
Education,Pro,Germany,40.0,117.0,0,307,Failed,0
Travel,Basic,Australia,38.0,92.0,2,351,On_time,0
Education,Enterprise,Sri lanka,13.0,39.0,2,164,Late,0
Travel,Pro,USA,24.0,117.0,4,440,Failed,0
Retail,Basic,UK,7.0,90.0,2,291,On_time,0
Healthcare,Pro,India,9.0,22.0,3,62,Late,0
Education,Basic,India,20.0,63.0,4,138,On_time,0
Travel,Basic,UK,6.0,106.0,1,355,On_time,0
Travel,Pro,USA,36.0,6.0,3,272,On_time,0
Healthcare,Basic,Sri lanka,1.0,111.0,1,333,On_time,0
Healthcare,Enterprise,UK,2.0,52.0,3,276,Failed,0
Healthcare,Enterprise,USA,11.0,88.0,3,247,Late,0
Finance,Basic,UK,27.0,56.0,2,346,Late,0
Healthcare,Pro,UK,12.0,67.0,3,282,Failed,1
Healthcare,Pro,India,32.0,72.0,1,161,Failed,0
Travel,Enterprise,India,9.0,102.0,2,39,On_time,0
Technology,Enterprise,India,11.0,26.0,5,363,On_time,0
Education,Pro,Sri lanka,17.0,32.0,4,245,On_time,0
Technology,Pro,India,16.0,25.0,7,304,On_time,1
Healthcare,Enterprise,India,9.0,66.0,1,88,Late,0
Finance,Basic,UK,8.0,96.0,5,381,On_time,0
Technology,Basic,Sri lanka,4.0,44.0,7,251,Late,1
Retail,Pro,Germany,15.0,,4,194,Late,0
Education,Enterprise,India,17.0,57.0,0,238,Failed,1
Retail,Basic,Sri lanka,22.0,101.0,4,71,Late,0
Travel,Enterprise,Germany,39.0,101.0,4,47,Failed,0
Travel,Enterprise,UK,2.0,17.0,6,308,Late,1
Retail,Enterprise,Australia,12.0,86.0,3,284,On_time,0
Travel,Pro,Australia,13.0,60.0,2,471,Failed,1
Education,Enterprise,Sri lanka,21.0,43.0,3,88,Late,0
Healthcare,Pro,Germany,6.0,115.0,1,165,On_time,0
Retail,Basic,USA,24.0,77.0,0,282,Late,0
Technology,Basic,Germany,37.0,,3,486,Failed,0
Travel,Enterprise,Sri lanka,23.0,34.0,3,69,Failed,1
Travel,Enterprise,UK,28.0,68.0,1,35,Late,0
Travel,Pro,Australia,36.0,62.0,0,331,Late,0
Technology,Enterprise,Australia,26.0,22.0,3,138,Failed,0
Travel,Pro,Sri lanka,7.0,,2,214,Failed,0
Healthcare,Basic,India,2.0,112.0,3,152,Late,0
Finance,Basic,UK,34.0,97.0,4,254,On_time,0
Healthcare,Enterprise,Australia,21.0,41.0,3,250,Failed,0
Retail,Pro,UK,28.0,95.0,1,256,Failed,0
Technology,Enterprise,Germany,29.0,10.0,1,261,Late,0
Finance,Enterprise,Australia,7.0,30.0,0,463,Failed,1
Travel,Pro,Australia,23.0,72.0,1,47,Late,0
Healthcare,Basic,USA,39.0,33.0,2,349,Failed,1
Finance,Enterprise,Australia,12.0,,2,412,On_time,0
Education,Enterprise,Sri lanka,15.0,,2,118,Late,0
Technology,Pro,India,32.0,9.0,1,447,Failed,0
Finance,Pro,Australia,33.0,96.0,0,419,On_time,0
Travel,Enterprise,India,12.0,74.0,3,79,Failed,0
Healthcare,Basic,Sri lanka,29.0,86.0,0,62,Failed,1
Retail,Enterprise,India,40.0,64.0,3,385,Late,0
Healthcare,Basic,Sri lanka,20.0,90.0,3,162,Late,0
Finance,Pro,Sri lanka,33.0,53.0,2,383,Late,0
Finance,Enterprise,Germany,24.0,118.0,4,221,Late,0
Retail,Enterprise,USA,22.0,94.0,0,483,Failed,0
Travel,Pro,India,11.0,86.0,4,165,Late,0
Retail,Basic,Germany,36.0,21.0,2,330,On_time,0
Education,Basic,Germany,15.0,64.0,0,258,On_time,0
Finance,Enterprise,USA,,118.0,4,183,Late,0
Healthcare,Enterprise,Germany,30.0,68.0,3,456,On_time,0
Retail,Enterprise,Germany,31.0,83.0,2,159,Late,0
Technology,Enterprise,USA,15.0,83.0,0,188,Failed,0
Retail,Pro,India,5.0,69.0,4,250,Late,0
Finance,Pro,USA,17.0,93.0,4,32,Failed,0
Finance,Basic,UK,38.0,25.0,2,338,On_time,0
Technology,Enterprise,UK,30.0,75.0,2,222,On_time,0
Healthcare,Pro,Australia,37.0,24.0,4,65,On_time,0
Finance,Pro,Germany,1.0,38.0,2,221,Failed,0
Technology,Pro,Germany,34.0,24.0,1,35,Failed,0
Retail,Pro,UK,13.0,100.0,0,446,Late,0
Healthcare,Basic,Germany,23.0,78.0,2,468,On_time,0
Healthcare,Enterprise,Sri lanka,5.0,49.0,0,294,On_time,0
Travel,Basic,Germany,36.0,115.0,1,139,Failed,1
Technology,Enterprise,India,33.0,24.0,2,60,On_time,0
Technology,Pro,Sri lanka,29.0,31.0,0,165,Late,0
Travel,Pro,Germany,18.0,6.0,2,215,On_time,0
Healthcare,Basic,USA,32.0,10.0,3,215,On_time,0
Education,Basic,Australia,10.0,103.0,2,180,On_time,0
Travel,Pro,USA,19.0,2.0,2,406,Late,0
Retail,Enterprise,Germany,22.0,35.0,1,276,Late,0
Retail,Basic,Germany,7.0,20.0,3,326,Failed,0
Retail,Basic,USA,35.0,100.0,1,419,Failed,0
Technology,Pro,Sri lanka,3.0,,1,20,On_time,1
Technology,Pro,USA,38.0,115.0,2,363,Failed,0
Finance,Basic,Australia,32.0,45.0,2,474,Late,0
Technology,Enterprise,UK,4.0,28.0,2,458,On_time,1
Finance,Enterprise,Australia,10.0,14.0,1,165,On_time,0
Technology,Enterprise,Sri lanka,16.0,105.0,2,491,Late,0
Education,Enterprise,UK,20.0,112.0,2,247,Failed,1
Education,Basic,USA,6.0,67.0,2,54,Failed,1
Education,Enterprise,USA,6.0,118.0,2,366,On_time,0
Education,Pro,Germany,32.0,12.0,2,174,On_time,0
Technology,Basic,India,15.0,103.0,1,42,Failed,0
Healthcare,Basic,USA,13.0,90.0,1,175,On_time,0
Technology,Basic,USA,23.0,36.0,2,228,Late,0
Finance,Basic,Sri lanka,3.0,108.0,0,105,On_time,0
Travel,Basic,Australia,29.0,60.0,2,284,Failed,1
Retail,Enterprise,India,21.0,77.0,1,77,Late,0
Finance,Basic,USA,31.0,113.0,2,180,Late,0
Finance,Basic,India,8.0,32.0,3,125,Failed,0
Travel,Pro,Australia,7.0,77.0,2,33,Failed,0
Retail,Enterprise,Australia,11.0,2.0,6,185,Failed,1
Retail,Pro,India,18.0,26.0,0,89,Failed,0
Travel,Enterprise,USA,15.0,42.0,2,450,Late,0
Finance,Pro,UK,14.0,1.0,3,465,Failed,0
Technology,Basic,Sri lanka,8.0,30.0,2,448,Late,0
Healthcare,Pro,USA,19.0,77.0,2,262,Failed,0
Finance,Enterprise,USA,31.0,36.0,4,334,On_time,0
Technology,Enterprise,Sri lanka,5.0,111.0,2,239,Late,0
Travel,Enterprise,India,19.0,7.0,1,85,Failed,1
Healthcare,Basic,Sri lanka,16.0,39.0,1,404,Failed,0
Healthcare,Basic,Australia,3.0,21.0,0,433,On_time,0
Education,Basic,India,11.0,22.0,4,106,Late,0
Retail,Enterprise,Sri lanka,8.0,64.0,0,453,Failed,0
Education,Enterprise,UK,39.0,107.0,1,480,Late,0
Education,Enterprise,India,9.0,119.0,1,364,On_time,0
Healthcare,Enterprise,Germany,12.0,93.0,3,161,Failed,1
Finance,Basic,India,16.0,10.0,0,311,Failed,0
Technology,Basic,USA,10.0,26.0,4,159,Failed,0
Healthcare,Basic,UK,20.0,78.0,3,371,On_time,0
Retail,Pro,Australia,20.0,115.0,11,280,Late,0
Education,Enterprise,UK,26.0,112.0,2,441,Failed,0
Finance,Basic,Australia,23.0,77.0,4,412,Late,0
Travel,Pro,USA,26.0,3.0,0,24,Late,0
Healthcare,Pro,Germany,20.0,84.0,3,289,Late,0
Education,Basic,USA,22.0,43.0,1,445,Failed,0
Travel,Enterprise,Sri lanka,20.0,99.0,4,69,Late,0
Travel,Enterprise,India,31.0,100.0,5,205,On_time,0
Education,Enterprise,Sri lanka,1.0,21.0,5,454,Failed,1
Finance,Enterprise,Germany,10.0,63.0,2,344,Late,0
Healthcare,Basic,India,29.0,111.0,3,468,On_time,0
Healthcare,Enterprise,Germany,5.0,105.0,1,259,On_time,0
Healthcare,Pro,USA,34.0,58.0,1,176,Failed,0
Travel,Pro,UK,33.0,16.0,1,381,Failed,0
Technology,Pro,Germany,17.0,4.0,1,180,Late,0
Healthcare,Enterprise,Germany,14.0,24.0,2,285,On_time,0
Healthcare,Enterprise,Germany,36.0,95.0,2,121,On_time,0
Education,Pro,UK,12.0,41.0,1,44,On_time,0
Travel,Pro,Sri lanka,17.0,53.0,4,492,Late,0
Retail,Basic,USA,24.0,111.0,1,301,On_time,0
Finance,Basic,UK,38.0,35.0,1,161,On_time,0
Education,Enterprise,Germany,39.0,71.0,1,85,On_time,0
Education,Pro,USA,1.0,42.0,3,345,Late,0
Finance,Basic,India,38.0,97.0,1,76,On_time,0
Travel,Basic,USA,15.0,23.0,0,332,Failed,0
Healthcare,Enterprise,USA,1.0,72.0,3,198,On_time,0
Technology,Enterprise,Australia,40.0,29.0,2,136,Late,0
Travel,Basic,India,15.0,16.0,4,252,On_time,0
Finance,Enterprise,Germany,33.0,28.0,6,195,Failed,1
Finance,Enterprise,Sri lanka,37.0,21.0,1,72,Failed,1
Education,Pro,Australia,40.0,74.0,2,93,On_time,0
Finance,Basic,USA,32.0,105.0,3,94,Late,0
Retail,Basic,Sri lanka,10.0,103.0,3,147,Failed,0
Travel,Basic,USA,38.0,27.0,1,221,Failed,0
Retail,Basic,Australia,21.0,79.0,3,55,Failed,0
Retail,Enterprise,Sri lanka,6.0,42.0,1,230,Failed,0
Finance,Basic,India,30.0,77.0,0,415,Failed,0
Education,Pro,Sri lanka,34.0,59.0,1,439,Failed,0
Technology,Basic,Sri lanka,14.0,81.0,0,249,Late,0
Retail,Enterprise,UK,23.0,77.0,2,163,Failed,0
Healthcare,Enterprise,USA,28.0,51.0,1,327,On_time,0
Healthcare,Pro,USA,14.0,110.0,3,393,On_time,0
Retail,Basic,Germany,29.0,67.0,2,285,On_time,0
Travel,Basic,India,40.0,17.0,1,442,On_time,0
Retail,Pro,Germany,18.0,73.0,1,23,Failed,1
Finance,Pro,USA,20.0,28.0,6,212,Failed,0
Travel,Pro,India,17.0,16.0,1,285,Failed,0
Technology,Enterprise,UK,38.0,44.0,0,457,On_time,0
Education,Basic,Australia,34.0,51.0,3,69,Failed,0
Travel,Pro,UK,40.0,57.0,1,201,Failed,1
Technology,Enterprise,Germany,2.0,8.0,2,338,Failed,1
Finance,Pro,UK,8.0,115.0,3,81,Failed,0
Retail,Basic,Sri lanka,,111.0,1,328,Failed,0
Travel,Basic,Sri lanka,31.0,81.0,1,86,On_time,0
Healthcare,Basic,India,30.0,10.0,2,42,Late,0
Healthcare,Basic,Australia,11.0,73.0,1,74,Failed,0
Technology,Enterprise,UK,25.0,111.0,2,27,Late,0
Retail,Pro,Germany,10.0,89.0,5,129,On_time,0
Healthcare,Pro,Sri lanka,35.0,17.0,0,431,Late,0
Healthcare,Enterprise,Australia,,19.0,5,467,On_time,0
Retail,Enterprise,UK,22.0,112.0,2,297,Failed,0
Education,Pro,Sri lanka,10.0,46.0,4,284,Failed,1
Technology,Pro,Sri lanka,9.0,22.0,1,251,Late,0
Retail,Pro,USA,6.0,55.0,1,436,Failed,1
Retail,Enterprise,Germany,10.0,65.0,2,304,Late,0
Travel,Pro,Sri lanka,7.0,44.0,1,282,Late,0
Retail,Pro,Australia,28.0,46.0,0,214,On_time,0
Education,Pro,Australia,25.0,87.0,1,179,On_time,0
Healthcare,Basic,USA,23.0,111.0,4,102,Late,0
Healthcare,Enterprise,USA,9.0,28.0,4,108,Late,0
Healthcare,Pro,Australia,13.0,,3,29,Late,0
Finance,Basic,UK,23.0,44.0,4,355,Late,0
Finance,Pro,UK,25.0,,4,483,Late,0
Finance,Basic,India,13.0,48.0,1,459,Late,0
Finance,Basic,Germany,31.0,45.0,4,188,Late,0
Healthcare,Basic,India,29.0,70.0,3,221,Failed,1
Healthcare,Enterprise,Australia,28.0,36.0,4,397,Failed,1
Retail,Enterprise,Australia,,92.0,3,230,Late,0
Technology,Pro,Australia,37.0,117.0,1,247,On_time,0
Travel,Pro,Germany,38.0,83.0,3,444,Late,0
Education,Basic,Germany,18.0,63.0,4,479,Late,0
Finance,Pro,UK,25.0,99.0,0,468,Late,0
Technology,Enterprise,USA,8.0,39.0,2,408,On_time,0
Retail,Basic,UK,4.0,108.0,1,192,Failed,1
Retail,Pro,India,1.0,3.0,4,99,Late,1
Education,Basic,USA,2.0,81.0,1,326,On_time,1
Retail,Pro,Sri lanka,9.0,54.0,2,314,Late,0
Healthcare,Enterprise,India,11.0,8.0,4,434,On_time,0
Education,Pro,USA,11.0,6.0,3,267,On_time,0
Education,Pro,India,35.0,38.0,1,95,Late,0
Education,Basic,Germany,24.0,70.0,2,293,Failed,1
Technology,Pro,Australia,27.0,54.0,2,437,Late,0
Healthcare,Enterprise,Australia,33.0,58.0,0,73,Failed,1
Finance,Enterprise,USA,18.0,3.0,0,281,Failed,1
Healthcare,Enterprise,Sri lanka,19.0,86.0,2,92,Failed,0
Technology,Pro,USA,21.0,28.0,1,155,On_time,0
Travel,Pro,UK,17.0,34.0,2,113,Late,0
Education,Basic,UK,30.0,115.0,1,466,Late,0
Healthcare,Enterprise,Sri lanka,7.0,47.0,2,439,On_time,0
Technology,Basic,USA,26.0,10.0,4,361,Failed,0
Technology,Enterprise,India,31.0,2.0,2,375,On_time,0
Education,Pro,Sri lanka,40.0,15.0,3,205,Late,0
Travel,Pro,Australia,15.0,88.0,0,163,Failed,1
Finance,Enterprise,India,36.0,75.0,1,124,Late,0
Technology,Basic,USA,3.0,36.0,2,99,On_time,0
Healthcare,Basic,USA,17.0,62.0,5,152,Late,0
Finance,Basic,Australia,5.0,20.0,0,461,On_time,0
Finance,Pro,Australia,15.0,90.0,3,141,On_time,0
Healthcare,Pro,UK,36.0,48.0,3,413,Late,0
Healthcare,Basic,USA,7.0,89.0,2,355,On_time,0
Retail,Pro,Australia,26.0,99.0,3,142,On_time,0
Education,Basic,Sri lanka,32.0,93.0,1,498,Failed,0
Retail,Enterprise,India,37.0,20.0,2,81,Failed,0
Finance,Enterprise,Sri lanka,34.0,31.0,0,287,On_time,0
Travel,Enterprise,Sri lanka,12.0,63.0,1,107,On_time,0
Education,Basic,Germany,12.0,117.0,0,130,Late,0
Finance,Enterprise,India,16.0,68.0,5,259,Late,0
Education,Basic,UK,14.0,25.0,3,142,Late,0
Technology,Enterprise,USA,36.0,54.0,2,247,On_time,0
Retail,Enterprise,UK,4.0,74.0,1,56,Failed,1
Retail,Pro,Australia,3.0,111.0,2,322,On_time,1
Education,Pro,India,27.0,51.0,3,394,Failed,0
Healthcare,Enterprise,Sri lanka,3.0,107.0,1,205,Late,1
Retail,Enterprise,Australia,13.0,78.0,2,306,Failed,1
Education,Pro,India,4.0,98.0,2,319,Failed,1
Healthcare,Pro,Germany,30.0,83.0,3,132,Late,0
Technology,Pro,Germany,20.0,4.0,0,335,On_time,0
Healthcare,Basic,Germany,39.0,5.0,2,145,On_time,0
Education,Pro,USA,14.0,12.0,2,349,On_time,0
Technology,Pro,Germany,16.0,52.0,0,320,Failed,1
Technology,Pro,UK,29.0,84.0,0,420,Late,0
Finance,Enterprise,Sri lanka,39.0,65.0,2,368,On_time,0
Retail,Pro,Sri lanka,34.0,91.0,0,52,Late,0
Retail,Pro,UK,29.0,37.0,0,449,On_time,0
Finance,Basic,Sri lanka,24.0,14.0,3,114,Late,0
Finance,Enterprise,Sri lanka,30.0,,0,92,Failed,0
Finance,Enterprise,India,27.0,,3,272,On_time,0
Technology,Enterprise,Germany,32.0,93.0,1,84,Late,0
Retail,Pro,UK,28.0,33.0,2,183,Late,0
Healthcare,Enterprise,Germany,31.0,102.0,1,42,On_time,0
Travel,Pro,USA,7.0,61.0,2,198,Late,0
Healthcare,Pro,UK,36.0,88.0,1,376,Failed,0
Education,Enterprise,India,32.0,25.0,2,115,Failed,0
Retail,Enterprise,USA,12.0,,1,476,Late,1
Healthcare,Pro,Germany,29.0,65.0,4,35,Failed,1
Education,Pro,Australia,21.0,77.0,0,73,On_time,0
Healthcare,Basic,Germany,32.0,114.0,1,185,Failed,0
Retail,Pro,India,13.0,110.0,0,352,On_time,0
Travel,Pro,Sri lanka,12.0,53.0,1,278,Failed,1
Healthcare,Pro,Sri lanka,18.0,26.0,3,237,Late,0
Healthcare,Pro,USA,2.0,42.0,1,376,On_time,0
Travel,Basic,India,23.0,97.0,2,117,Failed,1
Healthcare,Pro,UK,16.0,20.0,1,127,On_time,0
Retail,Basic,USA,23.0,42.0,3,51,Failed,0
Travel,Basic,UK,17.0,38.0,1,464,Late,0
Education,Enterprise,USA,13.0,32.0,2,281,Failed,1
Travel,Enterprise,Australia,14.0,16.0,3,445,Late,0
Finance,Pro,Germany,32.0,23.0,4,330,Failed,0
Retail,Enterprise,USA,4.0,31.0,2,210,Late,0
Travel,Pro,USA,2.0,31.0,0,297,Failed,1
Healthcare,Pro,Sri lanka,10.0,116.0,3,265,Late,0
Technology,Basic,UK,1.0,96.0,2,96,Failed,0
Finance,Pro,Germany,38.0,39.0,0,115,Late,0
Healthcare,Basic,Germany,40.0,56.0,0,86,Failed,0
Education,Pro,USA,18.0,50.0,2,408,On_time,0
Retail,Basic,India,24.0,54.0,1,131,Late,0
Retail,Pro,UK,24.0,100.0,3,89,Failed,0
Healthcare,Enterprise,Australia,28.0,103.0,0,380,Late,0
Healthcare,Enterprise,India,29.0,68.0,4,167,On_time,0
Technology,Enterprise,India,36.0,82.0,5,400,Late,0
Travel,Enterprise,India,25.0,91.0,1,260,Failed,0
Finance,Enterprise,Germany,32.0,33.0,4,373,On_time,0
Retail,Basic,Sri lanka,6.0,31.0,0,201,Failed,1
Finance,Pro,UK,28.0,79.0,4,334,On_time,0
Finance,Enterprise,UK,38.0,25.0,1,412,Failed,0
Technology,Pro,USA,12.0,10.0,1,88,Failed,0
Healthcare,Enterprise,Germany,16.0,63.0,5,178,On_time,0
Retail,Enterprise,Australia,11.0,26.0,4,163,On_time,0
Education,Pro,Germany,39.0,44.0,1,138,On_time,0
Retail,Basic,Germany,1.0,29.0,5,253,Late,0
Technology,Enterprise,Germany,35.0,36.0,3,384,Late,0
Finance,Basic,India,17.0,87.0,3,246,On_time,0
Travel,Enterprise,Australia,4.0,104.0,4,454,Failed,1
Finance,Basic,UK,24.0,13.0,0,385,On_time,0
Retail,Enterprise,India,27.0,95.0,2,244,Late,0
Retail,Basic,Sri lanka,14.0,99.0,1,115,Late,0
Finance,Basic,India,3.0,58.0,0,371,On_time,0
Finance,Pro,UK,38.0,26.0,5,357,Late,0
Retail,Pro,India,37.0,82.0,1,430,Failed,0
Retail,Enterprise,Germany,5.0,6.0,3,371,On_time,0
Finance,Enterprise,UK,15.0,90.0,4,475,Failed,1
Healthcare,Pro,USA,21.0,21.0,1,32,Failed,0
Healthcare,Basic,Sri lanka,9.0,92.0,2,461,On_time,0
Finance,Enterprise,Sri lanka,17.0,73.0,1,141,Failed,0
Travel,Enterprise,Germany,12.0,118.0,1,56,On_time,0
Technology,Pro,India,3.0,98.0,4,366,On_time,1
Travel,Basic,UK,32.0,4.0,3,449,Failed,1
Retail,Enterprise,UK,11.0,7.0,1,135,Late,0
Healthcare,Pro,India,26.0,40.0,3,360,Late,0
Retail,Basic,UK,38.0,72.0,1,477,Late,0
Retail,Basic,Australia,23.0,4.0,0,57,Late,0
Education,Enterprise,India,30.0,105.0,3,43,On_time,0
Healthcare,Pro,USA,22.0,77.0,2,271,On_time,0
Finance,Basic,Australia,3.0,2.0,4,220,On_time,1
Retail,Pro,Sri lanka,31.0,26.0,4,372,Failed,0
Healthcare,Basic,Sri lanka,5.0,37.0,2,292,On_time,0
Travel,Basic,UK,28.0,59.0,1,472,Late,0
Technology,Basic,Germany,,,1,376,Late,0
Healthcare,Enterprise,Sri lanka,40.0,40.0,0,230,Failed,1
Healthcare,Basic,Germany,9.0,23.0,3,105,Late,0
Travel,Basic,Germany,35.0,30.0,1,184,Late,0
Education,Pro,Australia,26.0,6.0,3,121,Late,0
Travel,Enterprise,Sri lanka,2.0,5.0,1,384,Failed,1
Healthcare,Basic,Australia,30.0,104.0,5,269,Failed,0
Healthcare,Enterprise,Sri lanka,34.0,75.0,0,220,Late,0
Finance,Pro,Sri lanka,6.0,34.0,2,256,On_time,0
Retail,Pro,Germany,32.0,81.0,0,52,Late,0
Education,Pro,USA,9.0,98.0,2,186,On_time,0
Retail,Basic,Sri lanka,23.0,,2,323,Late,0
Technology,Basic,Sri lanka,39.0,87.0,4,387,Late,0
Travel,Enterprise,Sri lanka,30.0,85.0,1,140,On_time,0
Healthcare,Pro,Sri lanka,36.0,26.0,5,129,Late,0
Healthcare,Basic,USA,21.0,22.0,0,206,Late,0
Finance,Basic,Germany,26.0,1.0,1,466,On_time,1
Education,Pro,UK,22.0,68.0,1,72,Failed,1
Travel,Enterprise,UK,22.0,107.0,4,389,On_time,0
Education,Basic,Germany,10.0,65.0,0,297,On_time,0
Finance,Enterprise,UK,32.0,29.0,2,177,On_time,0
Technology,Basic,Australia,20.0,,3,132,On_time,0
Healthcare,Enterprise,USA,30.0,12.0,3,222,Failed,0
Technology,Pro,USA,34.0,80.0,1,488,Late,0
Technology,Enterprise,Germany,20.0,72.0,2,312,Late,0
Healthcare,Enterprise,UK,30.0,95.0,1,152,On_time,0
Travel,Enterprise,Australia,2.0,13.0,1,191,Late,0
Education,Enterprise,USA,14.0,69.0,2,31,Failed,0
Retail,Basic,Australia,11.0,68.0,2,61,Late,0
Retail,Basic,Germany,31.0,86.0,1,40,Failed,1
Healthcare,Enterprise,UK,30.0,21.0,3,41,On_time,0
Technology,Basic,USA,40.0,11.0,3,164,Late,0
Education,Pro,USA,38.0,25.0,3,116,On_time,0
Finance,Pro,UK,37.0,38.0,4,281,Failed,0
Education,Pro,Australia,25.0,113.0,1,119,Failed,0
Finance,Basic,Australia,9.0,46.0,2,447,On_time,0
Technology,Pro,Australia,9.0,5.0,3,477,On_time,0
Education,Enterprise,India,22.0,103.0,2,186,Failed,0
Retail,Enterprise,Australia,20.0,74.0,1,139,On_time,0
Healthcare,Pro,USA,28.0,77.0,0,207,Late,0
Retail,Enterprise,Sri lanka,6.0,52.0,3,290,Failed,1
Finance,Enterprise,Australia,36.0,69.0,0,477,Failed,0
Retail,Enterprise,USA,17.0,98.0,2,70,Late,0
Education,Basic,Sri lanka,37.0,3.0,2,250,On_time,0
Education,Basic,Australia,11.0,72.0,1,358,Failed,1
Finance,Basic,Germany,28.0,7.0,2,205,On_time,0
Travel,Pro,Australia,,55.0,0,393,On_time,1
Technology,Basic,Australia,6.0,90.0,2,295,Failed,1
Healthcare,Enterprise,USA,10.0,26.0,4,360,Late,0
Finance,Enterprise,Germany,8.0,39.0,4,360,Failed,0
Healthcare,Pro,UK,8.0,14.0,2,121,Failed,0
Finance,Basic,USA,20.0,117.0,1,359,On_time,0
Education,Pro,Germany,31.0,20.0,2,319,On_time,0
Retail,Basic,Sri lanka,33.0,118.0,2,246,On_time,0
Technology,Pro,Australia,39.0,38.0,2,212,Late,0
Finance,Enterprise,Australia,13.0,55.0,0,128,Late,0
Retail,Enterprise,Germany,4.0,71.0,3,33,Failed,1
Travel,Basic,USA,31.0,100.0,2,356,Failed,0
Technology,Enterprise,Sri lanka,30.0,44.0,3,272,On_time,0
Retail,Pro,India,,42.0,5,280,On_time,0
Education,Pro,Australia,30.0,112.0,0,238,Failed,0
Retail,Pro,Sri lanka,37.0,7.0,3,273,Late,1
Retail,Pro,Australia,22.0,98.0,0,414,Failed,0
Technology,Basic,USA,32.0,106.0,4,22,Late,0
Finance,Basic,Germany,14.0,2.0,3,60,Failed,1
Retail,Basic,USA,39.0,25.0,3,142,Late,0
Technology,Basic,USA,,48.0,3,462,Late,0
Education,Pro,Australia,14.0,36.0,6,303,On_time,0
Healthcare,Enterprise,India,16.0,35.0,0,118,On_time,0
Healthcare,Pro,Sri lanka,19.0,57.0,1,394,Failed,1
Travel,Basic,Sri lanka,6.0,96.0,1,334,Failed,1
Travel,Pro,Sri lanka,25.0,17.0,1,221,On_time,0
Finance,Pro,Australia,39.0,24.0,2,311,Late,0
Travel,Basic,UK,35.0,,1,495,Late,0
Retail,Basic,USA,32.0,26.0,2,390,On_time,0
Education,Enterprise,Australia,3.0,76.0,2,395,On_time,0
Finance,Enterprise,Sri lanka,17.0,38.0,2,484,On_time,0
Travel,Enterprise,India,30.0,111.0,0,336,Late,0
Healthcare,Pro,USA,36.0,54.0,1,458,On_time,0
Healthcare,Pro,Australia,27.0,89.0,2,428,On_time,0
Finance,Pro,Germany,17.0,59.0,3,291,Failed,1
Finance,Enterprise,Sri lanka,17.0,55.0,4,218,Late,0
Retail,Pro,India,10.0,57.0,0,380,Failed,1
Retail,Pro,Germany,36.0,99.0,0,470,Failed,0
Healthcare,Enterprise,Australia,18.0,51.0,2,334,On_time,0
Travel,Basic,Australia,2.0,,4,100,On_time,1
Education,Enterprise,Germany,15.0,76.0,3,437,Failed,0
Finance,Pro,Germany,40.0,71.0,2,293,On_time,0
Finance,Enterprise,Germany,4.0,113.0,3,449,On_time,1
Education,Pro,Germany,17.0,98.0,1,303,On_time,0
Travel,Pro,USA,35.0,8.0,1,171,Late,0
Finance,Enterprise,USA,2.0,95.0,1,289,On_time,0
Retail,Enterprise,Germany,25.0,100.0,2,38,Failed,0
Healthcare,Basic,Germany,33.0,106.0,5,53,Failed,0
Education,Enterprise,Germany,36.0,30.0,3,436,Failed,0
Finance,Basic,Germany,32.0,80.0,2,173,Failed,0
Finance,Basic,UK,31.0,93.0,1,44,Late,0
Finance,Enterprise,UK,34.0,12.0,2,240,Late,0
Education,Pro,UK,27.0,118.0,5,277,Late,0
Finance,Basic,Australia,23.0,107.0,1,265,On_time,0
Travel,Pro,USA,25.0,75.0,1,32,Late,0
Healthcare,Pro,USA,9.0,59.0,2,62,On_time,0
Finance,Basic,Australia,10.0,23.0,4,252,On_time,0
Education,Pro,Australia,32.0,38.0,2,314,On_time,0
Education,Pro,Germany,18.0,28.0,3,78,Failed,0
Retail,Basic,UK,4.0,107.0,3,145,On_time,0
Finance,Pro,Australia,19.0,106.0,3,164,On_time,0
Travel,Enterprise,India,7.0,26.0,3,156,On_time,0
Travel,Pro,Sri lanka,35.0,81.0,2,464,On_time,0
Finance,Pro,UK,24.0,74.0,0,49,Failed,0
Healthcare,Enterprise,Australia,29.0,103.0,1,47,Failed,0
Healthcare,Enterprise,Sri lanka,18.0,41.0,2,375,Failed,0
Retail,Basic,Australia,36.0,46.0,5,206,On_time,0
Education,Basic,Germany,6.0,,2,36,Late,0
Healthcare,Basic,Germany,32.0,35.0,2,271,Late,0
Technology,Enterprise,Sri lanka,24.0,98.0,1,411,Failed,1
Healthcare,Enterprise,Sri lanka,28.0,80.0,1,365,Late,0
Technology,Enterprise,UK,15.0,100.0,3,118,Late,0
Retail,Pro,India,28.0,101.0,1,214,Late,0
Education,Enterprise,Germany,5.0,74.0,5,177,On_time,0
Travel,Basic,UK,17.0,99.0,1,323,Late,0
Technology,Pro,USA,25.0,2.0,2,164,On_time,0
Retail,Pro,Sri lanka,31.0,10.0,0,236,On_time,0
Healthcare,Basic,Sri lanka,38.0,37.0,1,235,On_time,0
Travel,Basic,Germany,27.0,58.0,1,38,On_time,0
Retail,Pro,Sri lanka,39.0,23.0,2,469,Late,0
Finance,Pro,UK,35.0,51.0,1,77,Failed,1
Retail,Basic,Germany,15.0,16.0,6,335,On_time,1
Finance,Basic,Germany,2.0,87.0,2,472,Late,0
Finance,Basic,UK,12.0,96.0,0,41,Late,0
Retail,Enterprise,USA,17.0,84.0,4,96,On_time,0
Healthcare,Basic,Sri lanka,29.0,72.0,3,320,Failed,0
Healthcare,Pro,USA,35.0,93.0,1,351,Failed,0
Finance,Enterprise,India,36.0,24.0,1,115,Late,0
Education,Basic,Sri lanka,32.0,90.0,2,419,Failed,0
Retail,Pro,UK,11.0,118.0,5,155,On_time,0
Healthcare,Enterprise,Australia,26.0,3.0,1,441,Failed,0
Travel,Basic,UK,2.0,99.0,1,498,Late,1
Education,Basic,India,34.0,88.0,1,149,Failed,0
Travel,Pro,Germany,21.0,34.0,2,117,Failed,0
Healthcare,Enterprise,India,23.0,44.0,0,468,Late,0
Education,Enterprise,Sri lanka,15.0,96.0,6,290,On_time,0
Education,Basic,UK,17.0,34.0,1,225,Failed,0
Healthcare,Pro,Germany,5.0,30.0,3,469,On_time,0
Healthcare,Enterprise,UK,24.0,92.0,2,488,Late,0
Travel,Enterprise,India,3.0,70.0,2,238,On_time,0
Retail,Pro,Germany,9.0,77.0,2,99,Late,0
Retail,Pro,India,10.0,84.0,3,175,Failed,0
Healthcare,Enterprise,Germany,18.0,26.0,1,260,Failed,1
Education,Basic,Germany,7.0,97.0,2,175,Failed,1
Healthcare,Enterprise,Australia,32.0,44.0,3,330,Failed,1
Technology,Pro,India,6.0,33.0,4,188,On_time,0
Technology,Enterprise,USA,10.0,52.0,2,410,Late,0
Finance,Enterprise,USA,4.0,39.0,2,279,Late,1
Travel,Basic,USA,4.0,119.0,2,245,Failed,0
Travel,Pro,Australia,32.0,116.0,1,389,On_time,0
Education,Enterprise,USA,36.0,5.0,2,159,Failed,1
Retail,Enterprise,USA,30.0,,2,329,Late,0
Travel,Basic,India,18.0,27.0,2,88,Failed,0
Education,Basic,USA,7.0,22.0,2,486,On_time,0
Travel,Enterprise,Sri lanka,33.0,1.0,2,316,On_time,1
Travel,Basic,Australia,8.0,32.0,3,336,On_time,0
Healthcare,Enterprise,Sri lanka,33.0,13.0,2,139,Late,0
Travel,Basic,Germany,10.0,59.0,0,30,Late,0
Travel,Basic,Australia,25.0,61.0,1,256,On_time,0
Travel,Pro,USA,34.0,84.0,0,81,On_time,0
Education,Pro,UK,35.0,93.0,1,496,Late,0
Finance,Pro,Australia,35.0,84.0,1,49,Failed,1
Education,Basic,India,9.0,42.0,0,480,On_time,0
Healthcare,Enterprise,USA,20.0,93.0,1,388,On_time,0
Finance,Basic,India,28.0,101.0,1,451,On_time,0
Finance,Basic,India,19.0,92.0,2,59,On_time,0
Healthcare,Basic,Australia,9.0,29.0,2,139,Late,0
Healthcare,Basic,India,31.0,92.0,1,79,Failed,0
Retail,Pro,Sri lanka,30.0,99.0,0,231,On_time,0
Healthcare,Basic,Australia,16.0,98.0,5,359,Failed,0
Education,Pro,USA,,63.0,1,342,On_time,0
Finance,Basic,USA,40.0,29.0,2,437,On_time,0
Travel,Pro,India,7.0,75.0,3,49,Late,0
Healthcare,Basic,India,30.0,103.0,3,380,Late,0
Retail,Enterprise,India,21.0,37.0,2,335,Late,0
Healthcare,Enterprise,Australia,6.0,32.0,3,377,On_time,0
Healthcare,Pro,India,38.0,30.0,4,91,On_time,0
Healthcare,Basic,USA,27.0,79.0,1,36,Late,0
Retail,Basic,UK,26.0,101.0,8,174,On_time,1
Education,Pro,Germany,10.0,97.0,3,277,On_time,0
Retail,Basic,UK,19.0,51.0,4,295,On_time,0
Technology,Pro,UK,23.0,54.0,0,239,Failed,0
Retail,Enterprise,Sri lanka,35.0,75.0,2,491,Failed,1
Travel,Enterprise,USA,21.0,113.0,2,240,On_time,0
Retail,Pro,Australia,16.0,6.0,1,236,Late,0
Finance,Basic,UK,31.0,114.0,3,438,Failed,0
Healthcare,Pro,UK,22.0,39.0,3,276,Late,0
Finance,Pro,UK,13.0,46.0,1,26,Late,0
Retail,Basic,USA,,50.0,0,375,Failed,1
Retail,Basic,UK,26.0,67.0,1,100,Late,0
Education,Basic,India,38.0,111.0,2,125,Late,0
Technology,Pro,Germany,39.0,62.0,2,115,Failed,0
Healthcare,Pro,Germany,40.0,13.0,4,170,On_time,0
Healthcare,Enterprise,USA,36.0,43.0,2,49,Late,0
Technology,Basic,UK,30.0,71.0,2,56,On_time,0
Technology,Enterprise,Australia,3.0,89.0,2,33,On_time,1
Travel,Basic,India,39.0,54.0,2,283,Late,0
Healthcare,Enterprise,Australia,26.0,96.0,3,285,Late,0
Retail,Basic,Australia,11.0,50.0,2,292,On_time,0
Travel,Pro,India,22.0,116.0,2,327,Failed,1
Finance,Enterprise,UK,33.0,42.0,1,67,Failed,0
Retail,Enterprise,UK,27.0,15.0,4,49,Failed,0
Technology,Basic,USA,20.0,84.0,2,443,Failed,0
Technology,Basic,Sri lanka,40.0,94.0,2,37,Failed,0
Healthcare,Enterprise,Germany,16.0,52.0,5,197,Failed,0
Retail,Enterprise,India,13.0,81.0,3,126,Late,0
Finance,Basic,Germany,35.0,22.0,1,116,Late,0
Finance,Basic,Sri lanka,6.0,64.0,4,362,Failed,1
Retail,Basic,USA,25.0,18.0,3,78,On_time,0
Finance,Enterprise,Australia,5.0,63.0,5,107,Late,0
Travel,Pro,Sri lanka,10.0,108.0,1,163,On_time,0
Travel,Enterprise,UK,31.0,6.0,1,326,Failed,1
Education,Enterprise,USA,25.0,46.0,3,287,Late,0
Education,Enterprise,UK,5.0,73.0,3,321,On_time,0
Education,Pro,Germany,39.0,100.0,2,32,Failed,0
Healthcare,Pro,Australia,6.0,58.0,3,477,Late,0
Retail,Enterprise,UK,33.0,94.0,1,22,Failed,0
Finance,Basic,Germany,29.0,66.0,1,312,On_time,0
Education,Basic,UK,1.0,60.0,2,417,Failed,0
Technology,Pro,UK,18.0,34.0,1,208,Failed,0
Retail,Enterprise,India,22.0,50.0,2,473,Failed,0
Education,Basic,India,25.0,42.0,1,182,On_time,0
Healthcare,Basic,Germany,20.0,108.0,2,284,Late,0
Education,Pro,USA,27.0,78.0,0,215,Late,0
Finance,Pro,UK,21.0,112.0,3,249,Failed,0
Technology,Basic,India,12.0,89.0,4,108,Failed,1
Retail,Pro,USA,3.0,89.0,0,45,Late,0
Finance,Pro,Germany,8.0,5.0,2,127,Late,0
Education,Enterprise,Germany,38.0,19.0,2,321,On_time,0
Healthcare,Pro,Germany,28.0,36.0,1,159,Failed,0
Finance,Pro,USA,8.0,97.0,2,272,On_time,0
Technology,Basic,India,5.0,98.0,2,109,On_time,0
Technology,Basic,Australia,27.0,107.0,3,166,Failed,0
Education,Basic,Germany,24.0,24.0,3,451,Late,0
Healthcare,Basic,USA,18.0,64.0,1,489,On_time,0
Travel,Enterprise,Australia,39.0,33.0,0,330,On_time,0
Travel,Enterprise,Australia,20.0,97.0,4,72,On_time,0
Finance,Enterprise,USA,10.0,60.0,2,451,On_time,0
Travel,Enterprise,Germany,20.0,40.0,2,162,On_time,0
Finance,Enterprise,UK,6.0,61.0,0,193,On_time,0
Technology,Basic,Sri lanka,16.0,109.0,1,111,Failed,1
Travel,Enterprise,India,3.0,66.0,2,322,Failed,1
Education,Enterprise,UK,3.0,65.0,4,291,Failed,0
Travel,Enterprise,India,33.0,9.0,0,327,Failed,1
Retail,Basic,India,18.0,16.0,1,183,Failed,0
Healthcare,Enterprise,Germany,3.0,15.0,3,177,Late,0
Education,Pro,UK,17.0,114.0,2,442,On_time,0
Education,Basic,Australia,14.0,58.0,2,316,Failed,0
Finance,Pro,Sri lanka,34.0,46.0,3,136,Failed,0
Retail,Basic,Australia,5.0,107.0,4,145,Failed,0
Travel,Basic,Australia,,34.0,2,414,On_time,0
Travel,Pro,Australia,34.0,91.0,3,388,Late,0
Education,Pro,Sri lanka,17.0,113.0,2,482,Late,0
Travel,Basic,India,33.0,19.0,4,446,On_time,0
Finance,Basic,Australia,32.0,13.0,2,452,Late,0
Travel,Basic,USA,33.0,91.0,2,153,On_time,0
Education,Enterprise,UK,2.0,77.0,2,213,On_time,1
Healthcare,Enterprise,India,40.0,56.0,5,455,Failed,0
Healthcare,Basic,Sri lanka,24.0,47.0,0,22,Late,0
Technology,Enterprise,Sri lanka,9.0,82.0,2,20,Failed,1
Healthcare,Basic,USA,35.0,74.0,1,221,Late,0
Travel,Pro,Germany,18.0,24.0,2,485,Late,0
Retail,Basic,Germany,16.0,85.0,3,154,On_time,0
Healthcare,Basic,India,27.0,89.0,3,92,On_time,0
Finance,Basic,Sri lanka,,,1,87,Late,0
Finance,Enterprise,Germany,16.0,101.0,4,37,Failed,1
Finance,Basic,UK,12.0,57.0,4,342,On_time,0
Technology,Basic,Germany,25.0,45.0,0,274,Late,0
Technology,Basic,Australia,3.0,109.0,3,403,Late,0
Retail,Enterprise,Sri lanka,13.0,106.0,3,428,Failed,1
Education,Enterprise,Australia,30.0,55.0,4,184,On_time,0
Finance,Enterprise,Australia,23.0,16.0,1,461,Late,0
Finance,Pro,UK,10.0,76.0,2,387,Failed,0
Travel,Basic,Germany,14.0,45.0,1,372,On_time,0
Travel,Pro,Australia,19.0,27.0,2,131,Failed,1
Education,Basic,Australia,25.0,102.0,2,417,Late,0
Finance,Pro,Germany,38.0,38.0,1,285,Failed,0
Education,Enterprise,Sri lanka,35.0,99.0,4,231,Failed,1
Education,Pro,USA,17.0,57.0,1,403,Failed,0
Healthcare,Pro,Sri lanka,25.0,42.0,2,99,On_time,0
Education,Pro,UK,,21.0,1,345,Late,0
Technology,Basic,India,29.0,3.0,3,229,On_time,0
Technology,Basic,Germany,20.0,52.0,1,272,Failed,0
Finance,Pro,Germany,40.0,92.0,0,355,Late,0
Travel,Basic,Germany,25.0,74.0,2,173,On_time,0
Healthcare,Basic,USA,32.0,103.0,3,205,On_time,0
Education,Basic,India,36.0,10.0,2,278,Failed,1
Travel,Pro,USA,40.0,47.0,0,20,Failed,0
Education,Enterprise,Germany,15.0,7.0,3,215,Late,0
Education,Pro,UK,36.0,67.0,3,259,Failed,0
Healthcare,Pro,USA,10.0,50.0,3,395,On_time,0
Travel,Basic,India,33.0,75.0,3,418,On_time,0
Finance,Basic,USA,14.0,23.0,4,372,Late,0
Travel,Basic,Sri lanka,28.0,50.0,3,346,Failed,0
Healthcare,Basic,Australia,28.0,17.0,0,451,On_time,0
Travel,Enterprise,India,5.0,69.0,1,200,On_time,0
Technology,Basic,Australia,17.0,59.0,2,355,Failed,1
Finance,Pro,Germany,36.0,98.0,5,407,On_time,0
Travel,Basic,Australia,30.0,103.0,4,322,Late,0
Finance,Pro,UK,21.0,17.0,2,325,Late,0
Travel,Enterprise,UK,37.0,13.0,2,54,Failed,0
Technology,Basic,Australia,19.0,53.0,3,436,On_time,0
Travel,Basic,Germany,29.0,16.0,3,329,Late,0
Technology,Basic,Australia,19.0,25.0,1,270,Late,0
Finance,Enterprise,Sri lanka,34.0,75.0,4,381,Late,0
Retail,Pro,UK,17.0,40.0,1,308,Failed,1
Healthcare,Basic,UK,12.0,96.0,3,452,Late,0
Education,Basic,Australia,33.0,60.0,3,383,Late,0
Healthcare,Enterprise,Sri lanka,36.0,,2,55,Failed,0
Education,Enterprise,Germany,17.0,103.0,2,366,Late,0
Retail,Basic,UK,40.0,13.0,2,76,On_time,0
Finance,Basic,USA,22.0,111.0,1,304,On_time,0
Finance,Enterprise,India,18.0,110.0,3,479,Late,0
Technology,Basic,Sri lanka,32.0,4.0,3,105,Failed,1
Travel,Enterprise,India,7.0,,2,481,Failed,0
Education,Basic,Australia,14.0,,3,494,On_time,0
Retail,Basic,Australia,12.0,83.0,4,95,Late,0
Finance,Basic,Australia,7.0,41.0,1,319,Late,0
Healthcare,Enterprise,India,6.0,91.0,2,248,Late,0
Retail,Enterprise,Australia,35.0,37.0,4,269,Failed,0
Travel,Pro,Germany,16.0,28.0,2,305,Failed,1
Retail,Pro,Germany,9.0,92.0,2,133,Late,0
Education,Pro,Australia,33.0,47.0,1,181,Failed,0
Finance,Enterprise,USA,10.0,51.0,0,271,Failed,0
Finance,Basic,India,30.0,75.0,0,168,Failed,0
Healthcare,Basic,India,13.0,54.0,2,344,On_time,0
Education,Basic,UK,22.0,71.0,1,168,Late,0
Finance,Basic,Germany,6.0,20.0,1,303,On_time,0
Education,Pro,Australia,11.0,116.0,1,226,Failed,0
Retail,Pro,Germany,35.0,81.0,2,100,On_time,0
Healthcare,Enterprise,Australia,23.0,63.0,3,173,Late,0
Healthcare,Enterprise,India,34.0,19.0,0,262,Late,0
Travel,Pro,UK,1.0,48.0,5,344,Failed,1
Finance,Pro,USA,11.0,38.0,5,229,On_time,0
Retail,Pro,Germany,36.0,109.0,1,419,Failed,0
Travel,Enterprise,Australia,4.0,57.0,3,470,Late,0
Education,Pro,USA,23.0,26.0,1,319,Failed,0
Technology,Pro,Sri lanka,33.0,113.0,2,252,Late,0
Education,Enterprise,Sri lanka,26.0,92.0,1,174,On_time,0
Travel,Enterprise,Germany,15.0,118.0,2,122,Failed,0
Healthcare,Basic,Sri lanka,9.0,33.0,2,261,On_time,0
Travel,Enterprise,UK,24.0,19.0,1,242,On_time,0
Education,Basic,Sri lanka,38.0,25.0,3,130,On_time,0
Healthcare,Basic,USA,16.0,99.0,0,221,On_time,0
Healthcare,Pro,India,34.0,116.0,3,371,Late,0
Finance,Enterprise,India,34.0,12.0,2,140,Late,0
Travel,Enterprise,India,23.0,33.0,1,316,On_time,0
Technology,Basic,USA,10.0,63.0,1,193,On_time,0
Retail,Enterprise,USA,3.0,93.0,3,228,On_time,0
Retail,Enterprise,India,20.0,54.0,2,174,On_time,0
Travel,Pro,USA,19.0,58.0,6,335,On_time,1
Healthcare,Pro,UK,36.0,104.0,4,407,Failed,1
Healthcare,Basic,USA,,110.0,4,209,On_time,0
Travel,Enterprise,Australia,40.0,107.0,1,191,Late,0
Finance,Pro,India,20.0,118.0,3,379,On_time,0
Education,Basic,UK,40.0,38.0,1,266,Failed,0
Retail,Enterprise,Australia,10.0,69.0,0,452,Failed,0
Education,Enterprise,Sri lanka,35.0,50.0,3,323,On_time,0
Retail,Basic,USA,27.0,100.0,5,117,Failed,0
Technology,Pro,Sri lanka,4.0,33.0,4,114,Late,0
Technology,Enterprise,India,6.0,116.0,2,462,Late,0
Retail,Basic,India,13.0,21.0,0,227,Failed,1
Technology,Basic,Germany,21.0,48.0,0,160,Failed,0
Travel,Enterprise,Sri lanka,4.0,95.0,3,198,On_time,1
Travel,Pro,USA,29.0,59.0,2,128,Failed,1
Technology,Enterprise,India,18.0,20.0,2,106,Failed,1
Technology,Enterprise,USA,26.0,113.0,1,230,Failed,0
Travel,Enterprise,Australia,18.0,66.0,0,281,Failed,0
Healthcare,Basic,Germany,39.0,70.0,2,331,Late,0
Healthcare,Enterprise,Sri lanka,21.0,41.0,0,362,Late,0
Technology,Basic,Sri lanka,38.0,23.0,1,229,Late,0
Education,Basic,UK,20.0,5.0,3,340,On_time,0
Education,Pro,Sri lanka,21.0,72.0,3,313,On_time,0
Finance,Pro,Germany,35.0,66.0,1,312,Late,0
Healthcare,Pro,Germany,21.0,13.0,0,48,Failed,0
Education,Enterprise,UK,24.0,16.0,1,177,Late,0
Travel,Enterprise,India,16.0,88.0,2,434,Failed,0
Retail,Enterprise,UK,17.0,49.0,0,429,On_time,0
Retail,Pro,India,,108.0,3,225,Late,0
Retail,Pro,UK,18.0,68.0,3,155,On_time,0
Technology,Enterprise,India,40.0,113.0,3,253,Late,0
Healthcare,Enterprise,India,36.0,73.0,2,293,Failed,0
Education,Enterprise,Australia,12.0,54.0,0,450,Late,0
Technology,Basic,UK,1.0,15.0,1,148,On_time,0
Retail,Basic,UK,29.0,67.0,2,335,On_time,0
Travel,Basic,USA,31.0,58.0,1,123,On_time,0
Travel,Pro,Germany,11.0,110.0,2,457,Late,0
Healthcare,Pro,Germany,19.0,58.0,4,310,Late,0
Education,Basic,India,29.0,105.0,1,484,Late,0
Travel,Enterprise,India,12.0,50.0,2,390,Late,0
Travel,Basic,Australia,13.0,95.0,1,360,Failed,0
Finance,Basic,UK,38.0,107.0,4,46,Late,0
Healthcare,Basic,UK,13.0,50.0,1,495,Late,0
Technology,Pro,India,37.0,93.0,1,177,Late,0
Retail,Pro,USA,28.0,23.0,2,279,Late,0
Finance,Enterprise,UK,1.0,12.0,1,368,Failed,1
Healthcare,Pro,UK,9.0,31.0,0,457,On_time,0
Finance,Pro,Sri lanka,2.0,33.0,3,206,Failed,1
Healthcare,Pro,USA,30.0,59.0,1,356,Failed,0
Travel,Enterprise,Australia,11.0,2.0,1,464,Failed,1
Healthcare,Pro,Australia,26.0,12.0,4,114,Late,0
Technology,Enterprise,Australia,29.0,69.0,4,411,Late,0
Education,Pro,UK,,21.0,1,265,Late,1
Retail,Basic,USA,3.0,107.0,0,118,Failed,1
Retail,Enterprise,Australia,9.0,35.0,1,314,Late,0
Travel,Basic,UK,10.0,74.0,1,449,Failed,0
Finance,Enterprise,USA,2.0,38.0,0,119,On_time,1
Finance,Basic,USA,13.0,35.0,2,36,Late,0
Finance,Enterprise,USA,5.0,85.0,0,235,Late,0
Technology,Pro,UK,31.0,40.0,2,399,On_time,0
Healthcare,Pro,India,7.0,91.0,4,477,Failed,0
Travel,Enterprise,Sri lanka,31.0,25.0,4,69,Failed,0
Education,Pro,Germany,17.0,11.0,1,143,Late,0
Travel,Enterprise,Australia,33.0,116.0,3,376,Failed,0
Education,Enterprise,UK,29.0,113.0,3,103,On_time,0
Education,Basic,Australia,12.0,99.0,2,82,Late,0
Travel,Pro,UK,11.0,64.0,2,432,Late,0
Retail,Basic,Australia,24.0,88.0,3,400,Late,0
Healthcare,Pro,USA,14.0,45.0,3,45,Failed,0
Travel,Basic,India,19.0,45.0,2,303,On_time,0
Healthcare,Enterprise,Australia,3.0,13.0,1,224,Failed,0
Healthcare,Enterprise,India,1.0,40.0,2,339,Late,1
Healthcare,Pro,India,13.0,37.0,2,332,On_time,0
Healthcare,Pro,UK,7.0,88.0,2,447,Failed,0
Education,Basic,Germany,3.0,111.0,3,154,Late,1
Healthcare,Enterprise,India,12.0,116.0,2,72,On_time,0
Healthcare,Enterprise,Sri lanka,26.0,118.0,2,394,Failed,0
Finance,Basic,Germany,18.0,1.0,2,47,Late,0
Travel,Enterprise,Sri lanka,22.0,83.0,1,263,Failed,1
Travel,Pro,UK,34.0,110.0,2,100,Late,0
Healthcare,Pro,Germany,27.0,51.0,2,190,Failed,0
Travel,Basic,USA,20.0,112.0,2,236,Failed,0
Healthcare,Pro,Australia,4.0,96.0,1,24,On_time,0
Retail,Enterprise,Sri lanka,12.0,102.0,2,384,On_time,0
Healthcare,Basic,Sri lanka,40.0,96.0,2,304,Late,0
Retail,Enterprise,Sri lanka,21.0,90.0,0,164,Late,0
Healthcare,Basic,USA,9.0,21.0,2,388,Failed,0
Finance,Basic,Germany,39.0,80.0,2,334,On_time,0
Retail,Pro,Sri lanka,22.0,72.0,2,252,Late,0
Travel,Enterprise,Australia,11.0,15.0,2,288,Late,0
Education,Basic,India,34.0,38.0,0,215,Failed,0
Finance,Enterprise,USA,5.0,119.0,0,473,Late,0
Education,Pro,Australia,21.0,28.0,5,135,Failed,0
Healthcare,Pro,Sri lanka,28.0,93.0,1,142,Failed,0
Technology,Basic,UK,21.0,82.0,2,156,Failed,1
Retail,Basic,India,18.0,75.0,3,57,On_time,0
Retail,Basic,USA,11.0,96.0,3,64,On_time,0
Education,Basic,UK,21.0,28.0,2,448,Failed,1
Healthcare,Enterprise,Germany,24.0,46.0,3,81,On_time,0
Retail,Pro,Australia,10.0,55.0,0,443,Failed,1
Finance,Basic,Sri lanka,14.0,98.0,2,432,Late,0
Retail,Pro,India,36.0,61.0,3,97,Late,0
Technology,Pro,India,29.0,13.0,1,322,Late,0
Education,Pro,UK,4.0,84.0,2,303,Late,1
Healthcare,Basic,Sri lanka,30.0,97.0,5,488,Failed,0
Retail,Enterprise,UK,33.0,67.0,1,489,On_time,0
Healthcare,Pro,Australia,1.0,95.0,2,457,Late,1
Technology,Enterprise,Australia,12.0,51.0,5,383,Failed,0
Retail,Basic,Germany,34.0,60.0,3,418,Failed,1
Technology,Enterprise,Sri lanka,26.0,39.0,2,169,Failed,0
Education,Basic,UK,3.0,65.0,1,117,On_time,0
Education,Basic,UK,31.0,107.0,3,231,Late,0
Education,Enterprise,Sri lanka,27.0,39.0,4,112,On_time,0
Retail,Enterprise,Germany,28.0,109.0,0,111,On_time,0
Travel,Pro,USA,25.0,41.0,5,71,On_time,0
Travel,Pro,India,21.0,36.0,2,38,Late,0
Retail,Basic,USA,12.0,92.0,0,376,On_time,0
Technology,Basic,Germany,28.0,99.0,1,218,Late,0
Healthcare,Enterprise,India,3.0,31.0,1,63,On_time,0
Education,Basic,UK,35.0,76.0,1,458,On_time,0
Travel,Basic,UK,2.0,14.0,3,330,Late,1
Retail,Enterprise,Australia,7.0,23.0,3,130,On_time,0
Technology,Enterprise,India,37.0,114.0,1,136,Late,0
Finance,Basic,UK,36.0,91.0,3,195,Failed,0
Technology,Pro,Australia,30.0,59.0,3,27,Failed,1
Technology,Basic,USA,23.0,102.0,1,142,On_time,0
Travel,Pro,USA,38.0,15.0,2,353,On_time,0
Travel,Enterprise,UK,3.0,36.0,5,189,Failed,1
Travel,Basic,UK,18.0,100.0,1,443,On_time,0
Healthcare,Basic,Sri lanka,3.0,82.0,1,83,On_time,0
Finance,Basic,UK,13.0,93.0,1,40,Late,0
Healthcare,Pro,USA,19.0,28.0,0,160,On_time,0
Education,Basic,India,15.0,51.0,3,44,Failed,0
Technology,Basic,USA,11.0,1.0,5,53,On_time,0
Technology,Pro,Germany,32.0,76.0,3,105,On_time,0
Finance,Basic,Germany,11.0,64.0,4,321,On_time,0
Finance,Pro,India,29.0,99.0,0,231,Late,0
Finance,Pro,UK,36.0,61.0,3,256,Late,0
Travel,Basic,UK,22.0,110.0,2,26,Late,0
Technology,Enterprise,India,27.0,2.0,4,182,Failed,1
Technology,Basic,Sri lanka,11.0,71.0,2,470,Failed,1
Travel,Enterprise,India,33.0,51.0,3,422,Late,0
Education,Basic,Sri lanka,37.0,119.0,0,477,On_time,0
Education,Basic,UK,7.0,93.0,4,260,Late,0
Healthcare,Enterprise,Sri lanka,6.0,29.0,1,337,On_time,0
Technology,Enterprise,Sri lanka,30.0,103.0,4,401,Late,0
Healthcare,Basic,Germany,16.0,54.0,3,423,Late,0
Technology,Enterprise,Australia,17.0,84.0,3,253,Late,0
Retail,Pro,Germany,6.0,3.0,1,148,On_time,1
Retail,Basic,UK,36.0,79.0,3,60,Late,0
Technology,Basic,Australia,22.0,64.0,0,323,Failed,0
Technology,Pro,Germany,13.0,97.0,1,105,On_time,0
Education,Enterprise,India,5.0,61.0,3,442,Failed,1
Travel,Basic,USA,37.0,48.0,2,363,Late,0
Finance,Pro,India,27.0,72.0,1,261,On_time,0
Technology,Enterprise,India,39.0,21.0,1,114,On_time,0
Finance,Pro,Australia,27.0,42.0,3,373,Late,0
Travel,Basic,Germany,16.0,36.0,4,155,On_time,0
Healthcare,Basic,UK,18.0,18.0,6,75,Late,0
Technology,Pro,Sri lanka,4.0,103.0,2,405,On_time,1
Finance,Pro,USA,12.0,21.0,4,465,Failed,0
Finance,Basic,Australia,22.0,93.0,1,259,Late,0
Travel,Basic,Australia,1.0,72.0,2,138,Late,0
Finance,Basic,Germany,29.0,14.0,6,300,On_time,0
Healthcare,Enterprise,Germany,21.0,12.0,2,451,Late,0
Education,Basic,Germany,7.0,10.0,4,252,Late,0
Healthcare,Pro,UK,17.0,50.0,3,50,Failed,0
Retail,Pro,India,8.0,24.0,0,52,Late,0
Technology,Basic,Germany,15.0,68.0,2,454,Late,0
Technology,Enterprise,India,36.0,34.0,2,209,On_time,0
Education,Pro,USA,32.0,66.0,1,171,Failed,1
Finance,Basic,USA,31.0,68.0,1,230,Late,0
Travel,Enterprise,Australia,40.0,102.0,1,89,Failed,0
Retail,Enterprise,UK,36.0,77.0,1,35,Failed,0
Technology,Basic,Sri lanka,18.0,18.0,2,490,Failed,0
Technology,Basic,India,18.0,71.0,5,93,Late,0
Finance,Enterprise,Australia,26.0,79.0,3,114,Late,0
Technology,Enterprise,Sri lanka,28.0,98.0,1,362,Failed,0
Retail,Pro,Australia,19.0,82.0,2,182,Failed,1
Technology,Enterprise,USA,,63.0,2,269,Late,0
Retail,Pro,USA,1.0,22.0,4,282,Late,0
Travel,Pro,Germany,8.0,110.0,2,238,Failed,1
Healthcare,Enterprise,UK,9.0,46.0,1,414,Failed,1
Technology,Enterprise,Germany,10.0,97.0,1,316,Failed,0
Healthcare,Pro,USA,,37.0,0,227,On_time,0
Travel,Pro,Germany,16.0,44.0,4,70,On_time,0
Education,Enterprise,Sri lanka,2.0,3.0,1,329,On_time,1
Finance,Pro,USA,28.0,38.0,2,311,On_time,0
Retail,Basic,UK,23.0,66.0,1,112,Failed,1
Travel,Pro,India,28.0,22.0,1,410,On_time,0
Education,Pro,Germany,24.0,90.0,3,338,Late,0
Healthcare,Pro,Germany,21.0,104.0,1,56,Failed,1
Technology,Pro,Germany,14.0,43.0,4,362,On_time,0
Finance,Basic,Germany,27.0,35.0,4,421,Late,0
Education,Basic,USA,28.0,28.0,2,440,On_time,0
Healthcare,Enterprise,India,4.0,41.0,3,42,Failed,1
Retail,Enterprise,Sri lanka,8.0,114.0,0,184,Late,0
Finance,Basic,USA,34.0,48.0,1,496,Late,0
Technology,Basic,Sri lanka,5.0,52.0,4,142,On_time,0
Education,Basic,India,35.0,106.0,3,451,Late,0
Technology,Pro,UK,27.0,37.0,1,407,Late,0
Finance,Basic,Australia,23.0,14.0,0,385,Late,0
Technology,Pro,USA,24.0,18.0,2,142,Failed,0
Retail,Basic,USA,4.0,33.0,0,61,Late,0
Finance,Basic,Sri lanka,32.0,51.0,1,470,On_time,0
Retail,Basic,Australia,25.0,68.0,5,455,Late,0
Finance,Enterprise,UK,4.0,37.0,2,61,On_time,1
Travel,Enterprise,Australia,29.0,101.0,3,388,Late,0
Travel,Basic,Sri lanka,12.0,45.0,2,24,On_time,0
Retail,Pro,UK,29.0,59.0,2,340,Failed,1
Technology,Enterprise,India,39.0,81.0,1,431,On_time,0
Finance,Basic,Australia,31.0,15.0,2,23,Failed,0
Healthcare,Enterprise,Australia,30.0,107.0,2,250,Failed,0
Finance,Enterprise,USA,39.0,80.0,2,468,Late,0
Healthcare,Basic,Germany,10.0,,1,256,Failed,0
Retail,Pro,UK,12.0,79.0,1,134,Late,0
Retail,Basic,India,26.0,78.0,3,133,Failed,0
Travel,Enterprise,Sri lanka,4.0,92.0,1,214,Late,0
Education,Basic,USA,25.0,106.0,1,127,Failed,0
Healthcare,Pro,Germany,36.0,72.0,1,99,Failed,1
Healthcare,Pro,Sri lanka,12.0,20.0,4,385,Failed,0
Travel,Pro,Sri lanka,34.0,13.0,0,415,On_time,0
Retail,Basic,Australia,39.0,36.0,5,109,Failed,0
Finance,Pro,India,31.0,61.0,2,289,Failed,1
Healthcare,Pro,Australia,14.0,114.0,4,346,On_time,0
Technology,Enterprise,Germany,11.0,14.0,1,147,Failed,0
Finance,Enterprise,India,8.0,93.0,3,248,On_time,0
Travel,Basic,USA,25.0,45.0,5,436,Failed,0
Healthcare,Enterprise,Sri lanka,15.0,61.0,2,113,On_time,0
Technology,Basic,Sri lanka,15.0,63.0,2,259,On_time,0
Retail,Basic,Australia,15.0,29.0,0,485,Failed,0
Healthcare,Basic,Sri lanka,40.0,31.0,0,30,Late,0
Education,Pro,India,17.0,97.0,0,250,Late,0
Retail,Enterprise,Australia,8.0,51.0,2,324,Late,0
Retail,Enterprise,Sri lanka,18.0,,3,272,Late,0
Finance,Enterprise,Sri lanka,27.0,48.0,3,410,On_time,0
Healthcare,Pro,Sri lanka,17.0,,4,408,Failed,0
Education,Enterprise,Australia,38.0,17.0,4,425,Late,0
Travel,Pro,USA,37.0,39.0,1,224,Late,0
Retail,Pro,Germany,30.0,98.0,1,202,Late,0
Healthcare,Basic,India,4.0,47.0,2,127,On_time,1
Retail,Enterprise,UK,39.0,35.0,2,435,Failed,0
Finance,Basic,India,40.0,29.0,3,75,Late,0
Retail,Enterprise,Germany,16.0,105.0,1,93,Late,0
Travel,Enterprise,Germany,29.0,,3,436,Late,0
Education,Pro,Germany,4.0,44.0,1,469,Failed,0
Retail,Basic,Australia,2.0,36.0,3,376,Failed,0
Retail,Enterprise,Australia,16.0,107.0,2,110,Late,0
Retail,Enterprise,Germany,7.0,94.0,3,496,Late,0
Retail,Pro,Germany,23.0,77.0,2,285,Late,0
Technology,Basic,USA,38.0,58.0,2,412,On_time,0
Education,Pro,Australia,3.0,94.0,4,364,Failed,1
Technology,Enterprise,Australia,20.0,81.0,0,365,On_time,0
Finance,Basic,Australia,19.0,60.0,1,396,On_time,0
Technology,Basic,Australia,28.0,86.0,0,200,Failed,0
Finance,Basic,Sri lanka,16.0,56.0,2,309,On_time,0
Healthcare,Basic,Sri lanka,31.0,60.0,4,322,On_time,0
Technology,Pro,India,15.0,119.0,7,458,Failed,0
Technology,Basic,Germany,17.0,75.0,3,180,On_time,0
Travel,Enterprise,USA,,34.0,2,282,On_time,0
Finance,Enterprise,UK,20.0,18.0,2,33,On_time,0
Retail,Enterprise,Australia,21.0,113.0,1,429,Failed,1
Retail,Basic,UK,27.0,24.0,0,121,On_time,0
Travel,Basic,India,28.0,106.0,5,309,Late,0
Healthcare,Enterprise,Australia,7.0,81.0,2,322,Late,0
Healthcare,Pro,Australia,13.0,81.0,0,348,Failed,1
Travel,Pro,Sri lanka,40.0,112.0,2,408,Failed,0
Finance,Pro,India,17.0,104.0,0,227,On_time,0
Healthcare,Enterprise,USA,17.0,94.0,4,34,Late,0
Retail,Basic,Australia,34.0,56.0,3,343,On_time,0
Healthcare,Pro,Sri lanka,13.0,81.0,5,426,Late,0
Travel,Enterprise,Australia,34.0,119.0,3,139,Late,0
Healthcare,Basic,Australia,27.0,33.0,0,319,On_time,0
Retail,Basic,Australia,37.0,91.0,0,335,On_time,0
Travel,Basic,India,36.0,49.0,4,132,Failed,1
Finance,Pro,Germany,38.0,86.0,0,330,On_time,0
Technology,Enterprise,India,4.0,18.0,4,486,Failed,0
Technology,Pro,USA,36.0,48.0,5,31,On_time,0
Education,Pro,USA,2.0,12.0,2,32,Late,1
Finance,Enterprise,UK,36.0,65.0,2,470,Late,0
Technology,Basic,Australia,10.0,34.0,2,222,On_time,0
Retail,Basic,Sri lanka,13.0,59.0,2,408,On_time,0
Education,Basic,Australia,9.0,20.0,3,463,Late,0
Travel,Pro,UK,14.0,48.0,1,73,Late,0
Healthcare,Basic,Australia,39.0,106.0,4,306,Late,0
Technology,Pro,Germany,28.0,,2,400,Failed,1
Travel,Enterprise,India,16.0,57.0,2,55,Late,0
Technology,Enterprise,Germany,,116.0,1,398,Late,0
Finance,Enterprise,UK,2.0,9.0,2,477,Failed,1
Retail,Pro,Australia,37.0,108.0,3,429,Failed,0
Travel,Pro,USA,16.0,40.0,4,104,On_time,0
Technology,Pro,Germany,13.0,115.0,2,213,On_time,0
Technology,Enterprise,India,28.0,100.0,5,478,On_time,0
Healthcare,Basic,Sri lanka,25.0,3.0,2,371,Failed,1
Technology,Enterprise,Sri lanka,34.0,101.0,2,430,Failed,1
Travel,Basic,USA,16.0,63.0,3,117,Late,0
Travel,Enterprise,Germany,24.0,101.0,4,435,Late,0
Retail,Basic,Germany,12.0,79.0,4,380,Failed,1
Healthcare,Pro,Australia,2.0,40.0,1,497,On_time,0
Healthcare,Basic,Germany,31.0,34.0,3,144,Late,0
Education,Pro,Australia,4.0,61.0,1,258,Late,0
Retail,Pro,USA,35.0,44.0,1,191,Failed,0
Healthcare,Pro,Sri lanka,21.0,77.0,3,51,Failed,1
Education,Basic,Australia,30.0,18.0,1,182,On_time,0
Healthcare,Basic,India,9.0,62.0,1,413,Failed,0
Healthcare,Basic,USA,12.0,72.0,1,414,Late,0
Healthcare,Pro,Germany,8.0,90.0,1,413,On_time,0
Technology,Enterprise,Australia,18.0,76.0,2,90,On_time,0
Finance,Enterprise,India,4.0,61.0,1,31,On_time,0
Technology,Basic,Sri lanka,35.0,102.0,0,62,On_time,0
Finance,Basic,Germany,36.0,111.0,4,70,Late,0
Finance,Basic,Germany,34.0,111.0,2,75,On_time,0
Healthcare,Pro,Australia,29.0,69.0,2,345,On_time,0
Education,Pro,USA,20.0,20.0,1,29,Failed,0
Healthcare,Basic,Sri lanka,18.0,,2,441,On_time,0
Retail,Enterprise,Germany,25.0,8.0,0,178,Failed,1
Travel,Basic,UK,24.0,16.0,4,216,Late,0
Retail,Enterprise,Germany,27.0,63.0,2,184,On_time,0
Technology,Pro,Australia,2.0,7.0,2,320,On_time,1
Education,Basic,USA,8.0,56.0,1,276,Late,0
Education,Enterprise,Australia,13.0,11.0,3,432,On_time,0
Technology,Pro,USA,21.0,2.0,2,280,Late,0
Travel,Basic,Germany,2.0,58.0,4,331,Late,1
Technology,Pro,India,11.0,3.0,1,139,On_time,0
Travel,Basic,Germany,5.0,90.0,3,246,Failed,1
Retail,Enterprise,UK,27.0,76.0,2,401,Late,0
Travel,Enterprise,Germany,34.0,33.0,2,43,Late,0
Finance,Pro,UK,,34.0,3,389,Failed,1
Technology,Basic,Germany,40.0,98.0,1,450,Failed,0
Retail,Pro,Australia,15.0,35.0,3,246,On_time,0
Travel,Pro,Germany,10.0,61.0,2,176,Failed,1
Finance,Enterprise,Sri lanka,23.0,26.0,3,95,Failed,1
Technology,Enterprise,Germany,22.0,78.0,1,247,Failed,0
Technology,Enterprise,India,37.0,38.0,1,328,Failed,0
Travel,Pro,UK,6.0,118.0,1,433,Late,0
Technology,Basic,Germany,,1.0,2,101,On_time,1
Travel,Pro,UK,22.0,86.0,5,472,Late,0
Finance,Enterprise,Sri lanka,25.0,95.0,2,448,Failed,1
Finance,Basic,USA,24.0,63.0,1,75,Late,0
Healthcare,Pro,UK,19.0,86.0,3,97,On_time,0
Technology,Pro,Germany,23.0,119.0,0,499,Failed,0
Retail,Enterprise,India,5.0,22.0,2,480,Failed,0
Technology,Enterprise,Germany,20.0,109.0,2,181,Failed,0
Travel,Enterprise,Australia,32.0,21.0,1,450,Late,0
Finance,Pro,India,20.0,106.0,0,435,On_time,0
Retail,Pro,India,14.0,88.0,3,361,Failed,1
Education,Pro,Australia,35.0,37.0,3,208,Failed,0
Education,Pro,Sri lanka,13.0,47.0,0,303,On_time,0
Technology,Pro,Australia,31.0,8.0,0,117,Failed,0
Finance,Basic,Sri lanka,23.0,74.0,4,387,Late,0
Finance,Enterprise,Sri lanka,32.0,5.0,2,415,On_time,1
Retail,Enterprise,UK,35.0,62.0,4,485,Failed,0
Retail,Enterprise,Australia,23.0,31.0,1,328,Late,0
Education,Pro,India,2.0,39.0,2,225,Late,0
Finance,Enterprise,USA,29.0,25.0,3,304,Late,0
Retail,Enterprise,Sri lanka,35.0,49.0,2,262,On_time,0
Retail,Basic,Australia,17.0,22.0,2,467,On_time,0
Healthcare,Basic,UK,39.0,31.0,0,205,Failed,1
Retail,Basic,USA,12.0,25.0,4,70,Late,0
Retail,Pro,UK,27.0,37.0,2,81,Failed,0
Education,Basic,Sri lanka,17.0,43.0,1,85,Late,0
Travel,Enterprise,USA,9.0,118.0,1,138,Late,0
Healthcare,Basic,Sri lanka,5.0,24.0,4,438,Late,0
Retail,Basic,Sri lanka,6.0,6.0,4,271,Late,0
Retail,Pro,UK,38.0,52.0,2,471,Late,0
Technology,Basic,USA,13.0,7.0,2,275,Failed,1
Finance,Enterprise,Australia,11.0,37.0,1,154,Failed,1
Travel,Basic,Sri lanka,,55.0,5,421,Late,0
Retail,Pro,Sri lanka,19.0,29.0,1,272,On_time,0
Retail,Basic,Australia,27.0,7.0,1,188,On_time,0
Finance,Basic,Sri lanka,11.0,,5,352,Late,1
Technology,Pro,USA,5.0,61.0,2,286,Late,0
Technology,Pro,Germany,10.0,15.0,3,162,Late,0
Education,Enterprise,UK,16.0,56.0,1,488,On_time,0
Finance,Enterprise,USA,11.0,105.0,0,37,Failed,1
Healthcare,Basic,Sri lanka,15.0,89.0,3,389,On_time,0
Travel,Basic,USA,18.0,,0,338,Late,0
Retail,Pro,UK,14.0,59.0,1,300,Late,0
Retail,Basic,India,39.0,,0,81,On_time,0
Retail,Basic,India,28.0,35.0,1,325,On_time,0
Finance,Pro,USA,7.0,9.0,3,31,Late,0
Technology,Basic,USA,19.0,32.0,2,294,Failed,0
Technology,Enterprise,India,9.0,51.0,0,260,Failed,0
Finance,Pro,USA,13.0,2.0,2,471,On_time,0
Healthcare,Pro,India,1.0,89.0,2,187,On_time,0
Healthcare,Basic,Sri lanka,4.0,80.0,4,485,Late,0
Technology,Enterprise,UK,26.0,6.0,3,445,Failed,0
Travel,Enterprise,USA,27.0,20.0,2,215,Late,0
Technology,Pro,India,4.0,4.0,2,102,On_time,1
Finance,Pro,Sri lanka,33.0,9.0,1,244,On_time,0
Travel,Enterprise,India,12.0,57.0,3,45,Late,0
Education,Basic,India,31.0,22.0,2,45,Failed,0
Travel,Enterprise,Germany,7.0,37.0,0,447,Failed,0
Education,Pro,Australia,36.0,115.0,3,324,On_time,0
Education,Basic,USA,36.0,80.0,1,407,Failed,0
Education,Enterprise,USA,12.0,81.0,3,147,On_time,0
Education,Basic,UK,29.0,9.0,3,107,Late,0
Healthcare,Basic,Australia,17.0,13.0,1,74,Late,0
Finance,Enterprise,UK,33.0,21.0,0,172,Late,0
Finance,Basic,India,3.0,91.0,1,487,Failed,1
Finance,Pro,USA,22.0,2.0,1,179,Late,0
Education,Enterprise,Sri lanka,22.0,89.0,2,227,Failed,1
Technology,Enterprise,Sri lanka,8.0,61.0,2,342,Late,0
Travel,Basic,Germany,23.0,104.0,1,212,Late,0
Travel,Pro,Germany,35.0,89.0,1,481,On_time,0
Travel,Basic,India,17.0,66.0,1,457,Late,0
Education,Enterprise,India,28.0,105.0,0,188,Late,0
Healthcare,Basic,UK,40.0,103.0,2,294,On_time,0
Finance,Pro,Australia,2.0,92.0,2,161,On_time,1
Retail,Pro,Sri lanka,1.0,45.0,1,180,Late,0
Technology,Basic,Australia,15.0,50.0,1,380,On_time,0
Travel,Basic,Australia,11.0,68.0,9,40,Failed,0
Travel,Basic,Sri lanka,16.0,51.0,0,194,Failed,1
Finance,Enterprise,UK,28.0,82.0,3,79,On_time,0
Retail,Pro,Germany,11.0,75.0,1,422,Failed,0
Retail,Enterprise,USA,5.0,3.0,1,347,On_time,0
Travel,Enterprise,India,36.0,,2,376,Failed,0
Finance,Enterprise,Germany,7.0,23.0,2,48,Late,0
Education,Enterprise,UK,16.0,93.0,3,279,Failed,0
Travel,Pro,UK,20.0,92.0,1,54,Late,0
Retail,Enterprise,Australia,1.0,19.0,3,133,On_time,0
Travel,Basic,Germany,26.0,105.0,1,145,Late,0
Travel,Enterprise,Germany,36.0,25.0,3,401,Late,0
Finance,Enterprise,India,24.0,30.0,2,310,Late,0
Travel,Enterprise,UK,39.0,24.0,4,152,Late,0
Retail,Enterprise,USA,15.0,36.0,1,494,Failed,0
Retail,Enterprise,USA,8.0,60.0,3,265,Late,0
Retail,Pro,USA,33.0,89.0,0,459,On_time,0
Technology,Pro,India,4.0,117.0,7,101,Failed,1
Travel,Basic,UK,10.0,119.0,1,384,On_time,0
Travel,Basic,Sri lanka,25.0,16.0,0,232,Late,0
Retail,Enterprise,Australia,19.0,46.0,1,271,On_time,0
Technology,Pro,India,11.0,22.0,2,251,Failed,0
Education,Pro,Sri lanka,38.0,94.0,2,232,Late,0
Technology,Pro,Germany,2.0,13.0,4,50,On_time,0
Retail,Pro,India,14.0,74.0,1,22,On_time,0
Education,Basic,Germany,2.0,54.0,2,41,Failed,0
Healthcare,Basic,Sri lanka,5.0,7.0,3,317,On_time,0
Travel,Basic,UK,13.0,85.0,0,490,Late,0
Finance,Pro,UK,7.0,17.0,0,66,Late,0
Education,Pro,USA,30.0,69.0,3,308,Late,0
Healthcare,Pro,India,27.0,78.0,0,134,Failed,0
Retail,Basic,India,38.0,76.0,1,172,Failed,1
Education,Enterprise,India,15.0,83.0,3,181,On_time,0
Healthcare,Pro,Germany,39.0,115.0,2,211,On_time,0
Retail,Basic,India,23.0,102.0,4,89,Late,0
Travel,Enterprise,Germany,39.0,104.0,2,358,Late,0
Travel,Pro,India,9.0,76.0,1,100,Failed,0
Technology,Pro,USA,23.0,74.0,2,30,Failed,0
Technology,Basic,Australia,20.0,118.0,3,285,Late,0
Education,Basic,USA,22.0,71.0,2,91,On_time,0
Healthcare,Enterprise,USA,38.0,21.0,2,178,On_time,0
Technology,Pro,India,36.0,89.0,2,198,Failed,0
Travel,Enterprise,Sri lanka,12.0,37.0,3,158,Late,0
Education,Basic,Germany,31.0,119.0,0,405,Failed,0
Finance,Pro,UK,29.0,110.0,2,26,On_time,0
Finance,Basic,USA,13.0,106.0,1,290,Failed,0
Healthcare,Enterprise,Germany,19.0,85.0,1,289,Late,0
Technology,Enterprise,UK,29.0,69.0,5,168,Late,0
Education,Enterprise,USA,14.0,116.0,5,56,Late,0
Education,Pro,Germany,22.0,24.0,1,467,Failed,0
Travel,Enterprise,Sri lanka,31.0,53.0,6,164,Failed,0
Healthcare,Basic,Australia,12.0,116.0,1,111,On_time,0
Retail,Enterprise,Australia,3.0,115.0,3,276,On_time,0
Healthcare,Pro,Sri lanka,11.0,6.0,2,249,Late,0
Retail,Basic,Germany,19.0,109.0,1,284,Failed,0
Retail,Enterprise,Germany,37.0,31.0,2,320,Failed,1
Technology,Enterprise,Australia,32.0,43.0,0,232,On_time,0
Finance,Pro,India,3.0,91.0,2,331,On_time,1
Finance,Enterprise,Sri lanka,26.0,84.0,1,475,Late,0
Technology,Basic,Germany,23.0,50.0,1,357,On_time,0
Retail,Basic,Australia,19.0,115.0,2,36,Late,0
Technology,Enterprise,UK,8.0,118.0,4,489,Late,0
Education,Enterprise,UK,40.0,91.0,2,62,Failed,0
Retail,Pro,Australia,39.0,58.0,2,246,On_time,0
Finance,Pro,UK,6.0,3.0,3,371,Failed,1
Finance,Basic,India,29.0,23.0,1,485,On_time,0
Technology,Enterprise,UK,31.0,6.0,2,71,On_time,0
Education,Basic,UK,25.0,74.0,1,158,Failed,0
Technology,Enterprise,USA,3.0,115.0,0,411,Failed,1
Finance,Basic,India,14.0,84.0,3,35,On_time,0
Retail,Pro,Sri lanka,19.0,69.0,2,130,Failed,0
Education,Pro,UK,8.0,104.0,3,163,On_time,0
Retail,Pro,Sri lanka,3.0,23.0,2,471,Failed,0
Retail,Basic,Sri lanka,38.0,24.0,1,59,Late,0
Retail,Enterprise,Sri lanka,39.0,117.0,3,287,Failed,0
Technology,Pro,UK,40.0,27.0,2,355,Failed,0
Finance,Enterprise,Australia,12.0,95.0,4,487,Failed,0
Finance,Enterprise,Australia,4.0,108.0,2,294,Failed,0
Education,Basic,Germany,40.0,72.0,2,148,Late,0
Finance,Basic,USA,1.0,64.0,3,117,Failed,0
Healthcare,Basic,India,4.0,99.0,4,472,On_time,0
Education,Pro,Germany,14.0,106.0,2,368,On_time,0
Retail,Pro,USA,20.0,64.0,0,376,On_time,0
Technology,Basic,UK,26.0,62.0,1,169,Failed,0
Education,Enterprise,UK,6.0,33.0,1,341,On_time,0
Healthcare,Basic,UK,13.0,110.0,3,219,On_time,0
Education,Enterprise,UK,5.0,23.0,0,386,On_time,0
Healthcare,Basic,UK,32.0,16.0,2,335,On_time,0
Education,Pro,USA,14.0,,4,65,On_time,0
Technology,Basic,India,9.0,54.0,0,400,Late,0
Technology,Enterprise,USA,17.0,9.0,3,437,Failed,0
Finance,Enterprise,Germany,19.0,33.0,3,329,Failed,1
Retail,Enterprise,Germany,37.0,9.0,4,149,Late,0
Finance,Enterprise,Sri lanka,31.0,60.0,3,225,On_time,0
Education,Basic,India,25.0,63.0,1,50,Late,0
Technology,Pro,Australia,24.0,55.0,3,392,On_time,0
Education,Enterprise,Australia,36.0,34.0,0,94,Failed,1
Finance,Pro,UK,33.0,79.0,1,56,On_time,0
Retail,Pro,India,11.0,117.0,2,227,Late,0
Retail,Basic,Australia,26.0,43.0,0,126,On_time,0
Retail,Enterprise,Germany,15.0,8.0,4,424,Late,0
Technology,Pro,Sri lanka,7.0,116.0,2,252,Failed,1
Healthcare,Pro,UK,23.0,30.0,1,75,Late,0
Retail,Basic,Sri lanka,10.0,19.0,3,462,Late,0
Education,Basic,India,32.0,84.0,1,160,Late,0
Healthcare,Pro,USA,3.0,12.0,2,21,On_time,1
Healthcare,Basic,Australia,22.0,22.0,3,453,On_time,0
Healthcare,Basic,Sri lanka,9.0,111.0,2,44,Late,0
Finance,Pro,USA,33.0,11.0,3,364,Late,0
Healthcare,Pro,USA,,112.0,1,34,On_time,0
Travel,Enterprise,Australia,4.0,78.0,4,438,On_time,1
Retail,Enterprise,India,24.0,112.0,1,377,On_time,0
Healthcare,Basic,Australia,14.0,101.0,3,164,Late,0
Retail,Pro,USA,1.0,9.0,2,170,Late,1
Retail,Basic,Sri lanka,,59.0,1,365,Late,0
Travel,Basic,Sri lanka,26.0,109.0,0,443,Failed,0
Finance,Basic,Sri lanka,4.0,23.0,3,422,Failed,1
Education,Basic,UK,11.0,73.0,1,460,Late,0
Finance,Enterprise,Australia,12.0,9.0,2,174,Late,0
Travel,Pro,Australia,26.0,63.0,1,107,On_time,0
Healthcare,Enterprise,Sri lanka,19.0,38.0,0,58,Failed,0
Healthcare,Pro,India,15.0,54.0,3,268,Failed,1
Travel,Basic,USA,,73.0,1,336,Failed,0
Education,Basic,India,9.0,19.0,2,441,Failed,0
Education,Pro,Germany,40.0,25.0,5,175,Failed,0
Travel,Basic,USA,14.0,97.0,1,499,Late,0
Healthcare,Enterprise,UK,4.0,1.0,1,61,On_time,1
Healthcare,Basic,UK,5.0,71.0,2,287,On_time,0
Retail,Pro,India,31.0,11.0,4,247,Late,0
Education,Enterprise,Sri lanka,8.0,89.0,5,185,On_time,0
Education,Pro,Australia,25.0,67.0,1,350,On_time,0
Finance,Pro,USA,2.0,69.0,5,252,On_time,0
Travel,Enterprise,India,35.0,45.0,1,216,Failed,0
Travel,Enterprise,USA,29.0,72.0,1,378,Late,0
Technology,Enterprise,Sri lanka,23.0,100.0,2,262,Late,0
Education,Enterprise,Germany,39.0,5.0,0,175,On_time,0
Education,Basic,USA,22.0,86.0,2,96,Failed,0
Technology,Basic,Germany,7.0,74.0,2,387,On_time,0
Travel,Basic,UK,20.0,6.0,1,58,On_time,0
Finance,Pro,Germany,14.0,86.0,6,240,Failed,0
Travel,Enterprise,Sri lanka,23.0,10.0,2,444,Late,0
Healthcare,Pro,Germany,1.0,65.0,1,306,Late,0
Finance,Pro,USA,1.0,111.0,3,391,Failed,1
Healthcare,Pro,India,10.0,56.0,1,312,On_time,0
Travel,Enterprise,Sri lanka,31.0,97.0,3,173,Failed,0
Healthcare,Basic,India,14.0,12.0,0,163,Late,0
Retail,Pro,Australia,8.0,49.0,2,124,On_time,0
Healthcare,Pro,Australia,36.0,72.0,2,248,On_time,0
Technology,Pro,USA,35.0,66.0,0,482,Late,0
Retail,Pro,UK,37.0,39.0,3,121,On_time,0
Technology,Pro,UK,18.0,99.0,3,419,Failed,1
Technology,Enterprise,Australia,6.0,59.0,2,468,Late,0
Technology,Enterprise,India,36.0,49.0,2,484,Failed,0
Finance,Enterprise,Sri lanka,4.0,14.0,0,231,Late,0
Technology,Pro,Australia,8.0,54.0,2,395,On_time,0
Healthcare,Basic,Germany,35.0,112.0,1,119,Failed,0
Travel,Pro,USA,1.0,22.0,2,197,On_time,1
Healthcare,Basic,Germany,9.0,51.0,0,381,Failed,1
Finance,Pro,UK,19.0,104.0,3,274,On_time,0
Healthcare,Enterprise,India,30.0,85.0,2,95,On_time,0
Technology,Enterprise,Germany,21.0,84.0,5,404,Late,0
Education,Basic,India,4.0,47.0,3,61,Failed,1
Travel,Pro,India,31.0,84.0,4,75,Late,0
Technology,Basic,Sri lanka,20.0,96.0,2,98,On_time,0
Technology,Basic,Australia,17.0,83.0,4,232,On_time,0
Education,Pro,Australia,34.0,19.0,2,179,Late,0
Healthcare,Pro,UK,12.0,41.0,1,466,On_time,0
Retail,Enterprise,Sri lanka,1.0,116.0,2,267,On_time,1
Healthcare,Enterprise,USA,22.0,12.0,0,113,Failed,0
Retail,Pro,Sri lanka,32.0,60.0,2,319,Late,0
Education,Pro,USA,38.0,26.0,1,129,Failed,1
Education,Enterprise,Australia,7.0,32.0,0,114,Failed,1
Travel,Basic,India,16.0,119.0,5,65,Failed,0
Education,Enterprise,UK,19.0,43.0,1,253,On_time,0
Finance,Basic,USA,7.0,113.0,4,25,Late,0
Technology,Enterprise,Australia,20.0,96.0,2,359,Late,0
Travel,Pro,India,34.0,100.0,1,243,Late,0
Education,Pro,USA,22.0,40.0,4,449,On_time,0
Travel,Basic,Germany,16.0,11.0,1,74,Failed,0
Healthcare,Pro,Sri lanka,5.0,64.0,5,101,Failed,1
Education,Enterprise,Sri lanka,30.0,38.0,4,365,Late,0
Finance,Basic,Australia,33.0,91.0,4,479,Late,0
Healthcare,Enterprise,Sri lanka,39.0,36.0,0,439,Late,0
Technology,Basic,Germany,26.0,47.0,3,74,On_time,0
Finance,Pro,Germany,12.0,63.0,4,303,On_time,0
Technology,Pro,USA,28.0,40.0,2,120,Late,0
Education,Enterprise,Sri lanka,28.0,41.0,2,73,Failed,1
Technology,Basic,USA,40.0,34.0,2,137,On_time,0
Travel,Enterprise,Sri lanka,34.0,92.0,0,106,Failed,0
Education,Enterprise,Germany,17.0,75.0,3,427,Failed,0
Technology,Pro,India,36.0,116.0,0,376,Failed,0
Education,Basic,UK,19.0,101.0,1,32,Late,0
Travel,Basic,UK,37.0,27.0,3,79,On_time,0
Travel,Enterprise,Sri lanka,6.0,99.0,2,396,On_time,0
Healthcare,Basic,Australia,6.0,60.0,2,351,On_time,0
Finance,Enterprise,Germany,29.0,27.0,2,152,Failed,0
Travel,Basic,Germany,15.0,21.0,2,396,Late,0
Healthcare,Pro,Sri lanka,15.0,92.0,1,90,Failed,0
Travel,Enterprise,USA,22.0,113.0,2,212,Late,0
Travel,Basic,USA,40.0,83.0,5,302,On_time,0
Travel,Pro,Australia,38.0,112.0,4,231,Late,0
Education,Pro,USA,27.0,45.0,2,160,Late,0
Healthcare,Enterprise,USA,4.0,84.0,0,172,Late,1
Finance,Pro,USA,22.0,52.0,3,301,On_time,0
Finance,Enterprise,Germany,16.0,56.0,0,115,On_time,0
Retail,Enterprise,Sri lanka,4.0,102.0,0,155,Failed,1
Education,Basic,UK,9.0,45.0,3,378,On_time,0
Retail,Basic,Sri lanka,24.0,73.0,2,292,On_time,0
Healthcare,Basic,Sri lanka,7.0,12.0,3,312,Failed,1
Travel,Pro,Australia,14.0,11.0,1,46,On_time,0
Technology,Pro,Sri lanka,3.0,119.0,3,347,On_time,1
Travel,Basic,UK,2.0,90.0,4,493,Failed,1
Finance,Pro,UK,5.0,15.0,2,162,Late,0
Technology,Basic,UK,4.0,117.0,1,168,Failed,0
Finance,Pro,UK,22.0,64.0,0,201,Failed,0
Retail,Basic,USA,31.0,17.0,4,489,Failed,0
Retail,Pro,UK,20.0,60.0,2,212,Late,0
Travel,Basic,India,35.0,67.0,2,421,Late,0
Retail,Enterprise,India,4.0,88.0,0,397,Late,0
Finance,Basic,Germany,18.0,79.0,1,433,On_time,0
Education,Enterprise,USA,19.0,9.0,1,366,Late,0
Healthcare,Basic,UK,25.0,119.0,1,231,Late,0
Travel,Pro,Germany,36.0,19.0,3,125,On_time,0
Education,Basic,Australia,28.0,55.0,1,140,Late,0
Education,Basic,Sri lanka,23.0,117.0,2,213,Late,0
Retail,Pro,UK,2.0,18.0,2,211,On_time,1
Healthcare,Pro,Australia,29.0,62.0,3,151,On_time,0
Finance,Basic,Australia,31.0,26.0,0,70,Failed,1
Finance,Enterprise,Germany,34.0,95.0,1,374,Late,0
Retail,Enterprise,Germany,34.0,77.0,2,60,On_time,0
Education,Enterprise,USA,11.0,22.0,2,92,On_time,0
Finance,Enterprise,Australia,7.0,76.0,0,165,On_time,0
Travel,Enterprise,Australia,13.0,107.0,0,104,Failed,0
Travel,Basic,India,34.0,13.0,1,234,On_time,0
Finance,Pro,USA,1.0,87.0,2,429,On_time,0
Technology,Pro,UK,14.0,88.0,3,60,Late,0
Healthcare,Basic,USA,3.0,94.0,5,188,Failed,0
Retail,Pro,Germany,8.0,32.0,1,225,On_time,0
Travel,Pro,Sri lanka,37.0,9.0,2,106,Late,0
Technology,Pro,Australia,31.0,103.0,4,343,Failed,0
Retail,Pro,USA,39.0,98.0,2,474,Late,0
Healthcare,Pro,USA,17.0,87.0,1,324,Failed,1
Healthcare,Enterprise,UK,28.0,16.0,1,297,On_time,0
Retail,Basic,USA,11.0,85.0,2,476,Late,0
Retail,Pro,Australia,35.0,57.0,3,144,Failed,0
Finance,Pro,India,11.0,98.0,3,144,On_time,0
Finance,Enterprise,UK,19.0,77.0,0,255,On_time,0
Technology,Enterprise,USA,2.0,8.0,3,120,On_time,0
Healthcare,Enterprise,India,22.0,90.0,1,358,On_time,0
Finance,Enterprise,India,37.0,78.0,4,102,Failed,1
Technology,Pro,USA,30.0,15.0,1,476,Failed,0
Education,Pro,India,13.0,80.0,2,307,Failed,0
Finance,Enterprise,India,35.0,87.0,1,483,Late,0
Finance,Enterprise,Germany,24.0,49.0,1,30,On_time,0
Healthcare,Pro,USA,4.0,61.0,0,408,On_time,1
Technology,Enterprise,Sri lanka,36.0,97.0,5,347,On_time,0
Finance,Pro,India,18.0,73.0,4,147,Failed,0
Education,Basic,Germany,20.0,29.0,5,351,Failed,0
Retail,Pro,India,36.0,16.0,2,370,Late,0
Retail,Basic,Australia,18.0,102.0,1,454,Late,0
Education,Enterprise,Germany,37.0,14.0,2,183,Failed,0
Healthcare,Enterprise,Sri lanka,30.0,64.0,0,451,Late,0
Finance,Enterprise,Australia,28.0,7.0,2,232,Late,0
Finance,Basic,Australia,33.0,104.0,1,67,Failed,0
Retail,Basic,Germany,5.0,61.0,1,109,Failed,0
Healthcare,Pro,UK,3.0,24.0,1,394,Late,0
Finance,Enterprise,India,30.0,42.0,3,445,On_time,0
Travel,Basic,UK,25.0,41.0,1,449,Late,0
Technology,Basic,India,19.0,74.0,3,401,On_time,0
Healthcare,Enterprise,UK,36.0,39.0,0,185,Failed,1
Finance,Pro,India,39.0,52.0,2,178,On_time,0
Finance,Basic,USA,2.0,99.0,1,261,Late,0
Travel,Basic,Australia,37.0,10.0,0,292,Late,0
Finance,Pro,USA,3.0,7.0,1,86,Late,1
Travel,Basic,India,13.0,105.0,4,295,On_time,0
Technology,Pro,Germany,29.0,29.0,4,440,On_time,0
Healthcare,Basic,USA,35.0,59.0,3,148,On_time,0
Finance,Basic,Sri lanka,31.0,36.0,2,306,Failed,0
Education,Enterprise,India,29.0,113.0,0,205,Late,0
Education,Pro,Germany,26.0,61.0,2,252,Failed,0
Healthcare,Enterprise,India,23.0,79.0,6,62,Late,1
Education,Enterprise,Australia,4.0,62.0,2,401,Late,1
Technology,Enterprise,Sri lanka,13.0,69.0,2,437,Late,0
Travel,Enterprise,Sri lanka,29.0,82.0,4,418,On_time,0
Education,Basic,Australia,32.0,20.0,0,238,Failed,0
Healthcare,Basic,UK,3.0,49.0,1,20,On_time,1
Finance,Pro,India,39.0,61.0,3,407,Late,0
Education,Enterprise,Germany,9.0,64.0,2,215,Late,0
Healthcare,Pro,Sri lanka,28.0,73.0,3,24,Failed,0
Finance,Pro,India,27.0,28.0,1,228,Late,0
Healthcare,Basic,UK,16.0,17.0,1,386,On_time,0
Travel,Basic,USA,22.0,69.0,2,110,Failed,0
Education,Basic,USA,12.0,18.0,5,49,On_time,0
Healthcare,Enterprise,USA,26.0,,1,267,Late,0
Technology,Basic,UK,17.0,81.0,0,43,On_time,0
Education,Enterprise,USA,33.0,4.0,3,445,On_time,0
Healthcare,Enterprise,Germany,3.0,31.0,2,140,Late,1
Education,Enterprise,USA,23.0,76.0,1,435,Late,0
Finance,Enterprise,India,17.0,54.0,1,30,On_time,0
Education,Basic,Australia,10.0,90.0,1,106,On_time,0
Healthcare,Pro,India,37.0,92.0,1,334,Late,0
Finance,Enterprise,UK,24.0,28.0,2,358,Failed,0
Retail,Pro,USA,28.0,15.0,4,407,Late,0
Technology,Enterprise,India,3.0,48.0,4,136,Late,0
Retail,Enterprise,Germany,22.0,114.0,4,399,Failed,0
Healthcare,Basic,UK,,42.0,1,307,Failed,0
Retail,Pro,UK,24.0,3.0,1,298,On_time,0
Retail,Basic,India,7.0,81.0,2,370,Failed,0
Travel,Pro,Australia,22.0,78.0,3,290,On_time,0
Healthcare,Basic,Australia,29.0,60.0,2,433,Late,0
Healthcare,Enterprise,Sri lanka,34.0,66.0,3,258,Failed,0
Finance,Basic,Germany,40.0,,1,92,On_time,1
Finance,Pro,UK,22.0,49.0,2,289,Failed,1
Healthcare,Basic,UK,38.0,68.0,3,376,On_time,0
Finance,Pro,Australia,26.0,4.0,3,426,Failed,1
Retail,Basic,USA,23.0,77.0,1,56,On_time,0
Education,Pro,Sri lanka,13.0,15.0,1,66,Late,0
Healthcare,Enterprise,Australia,3.0,103.0,0,108,Failed,1
Finance,Pro,India,12.0,69.0,0,172,Failed,0
Healthcare,Pro,Sri lanka,25.0,35.0,0,125,Late,0
Technology,Pro,UK,26.0,74.0,3,324,On_time,0
Retail,Enterprise,Sri lanka,9.0,26.0,1,161,Failed,1
Technology,Basic,USA,6.0,32.0,2,312,On_time,0
Healthcare,Pro,India,38.0,53.0,1,311,Failed,1
Retail,Enterprise,Sri lanka,37.0,11.0,2,387,Failed,0
Technology,Enterprise,Germany,17.0,4.0,1,419,Late,0
Finance,Basic,Sri lanka,40.0,66.0,2,110,Late,0
Retail,Basic,Germany,25.0,86.0,4,163,Failed,0
Finance,Basic,USA,9.0,81.0,3,423,On_time,0
Travel,Pro,UK,33.0,63.0,1,337,On_time,0
Healthcare,Pro,India,4.0,23.0,0,363,Late,0
Finance,Basic,Sri lanka,40.0,110.0,2,173,Failed,0
Retail,Basic,USA,24.0,97.0,3,452,Late,0
Education,Enterprise,Germany,6.0,20.0,1,290,Failed,0
Travel,Enterprise,India,39.0,42.0,3,73,On_time,0
Travel,Pro,India,18.0,40.0,6,448,Late,1
Finance,Basic,Sri lanka,8.0,85.0,2,444,On_time,0
Education,Pro,Germany,5.0,64.0,2,184,Late,0
Travel,Pro,USA,31.0,93.0,2,480,On_time,0
Travel,Pro,Sri lanka,8.0,5.0,4,335,Late,0
Travel,Pro,Australia,22.0,78.0,3,291,Late,0
Finance,Pro,USA,4.0,93.0,3,353,Failed,1
Technology,Enterprise,UK,15.0,117.0,2,39,Late,0
Travel,Pro,India,36.0,2.0,1,359,Failed,0
Finance,Pro,USA,5.0,89.0,1,44,Late,0
Healthcare,Basic,Australia,17.0,46.0,1,200,On_time,0
Travel,Basic,USA,23.0,107.0,2,282,Late,0
Education,Pro,Germany,12.0,40.0,2,343,Failed,0
Travel,Basic,USA,26.0,12.0,3,168,On_time,0
Technology,Pro,India,13.0,61.0,3,300,On_time,0
Retail,Enterprise,Sri lanka,23.0,88.0,6,246,On_time,0
Healthcare,Basic,UK,22.0,95.0,1,422,On_time,0
Healthcare,Pro,Sri lanka,30.0,1.0,1,232,On_time,0
Retail,Basic,Australia,22.0,50.0,4,207,Failed,1
Healthcare,Basic,Sri lanka,28.0,34.0,4,100,Failed,0
Healthcare,Pro,Sri lanka,12.0,44.0,1,208,Failed,0
Retail,Basic,UK,37.0,84.0,3,419,On_time,0
Education,Enterprise,USA,36.0,2.0,0,465,Late,0
Travel,Enterprise,USA,29.0,92.0,0,106,Failed,0
Travel,Enterprise,Australia,32.0,31.0,2,199,Late,0
Education,Basic,Australia,36.0,20.0,1,213,Failed,1
Finance,Enterprise,UK,18.0,87.0,2,133,Failed,0
Healthcare,Basic,USA,20.0,84.0,2,335,Failed,0
Finance,Pro,UK,38.0,109.0,2,186,Failed,0
Retail,Enterprise,Sri lanka,12.0,94.0,2,302,On_time,0
Technology,Pro,Australia,4.0,72.0,3,71,Failed,0
Finance,Enterprise,UK,34.0,62.0,0,299,Late,0
Technology,Basic,Sri lanka,29.0,103.0,3,480,On_time,0
Healthcare,Pro,India,1.0,12.0,3,278,On_time,0
Travel,Pro,Germany,27.0,110.0,6,430,On_time,0
Retail,Pro,Australia,,49.0,4,54,Failed,0
Education,Pro,India,10.0,87.0,3,223,Late,0
Finance,Pro,India,18.0,60.0,0,124,Late,0
Travel,Enterprise,Australia,29.0,41.0,2,222,Late,0
Travel,Enterprise,USA,11.0,56.0,1,302,On_time,0
Finance,Basic,Australia,36.0,17.0,2,438,Late,0
Finance,Enterprise,India,27.0,87.0,5,419,Late,0
Travel,Basic,USA,39.0,109.0,1,51,Failed,0
Finance,Enterprise,Sri lanka,17.0,19.0,0,225,Failed,0
Education,Enterprise,Sri lanka,3.0,39.0,3,190,Failed,1
Education,Basic,Sri lanka,15.0,79.0,2,491,Late,0
Retail,Pro,India,29.0,62.0,1,32,On_time,0
Healthcare,Pro,Sri lanka,29.0,80.0,0,167,Failed,0
Education,Enterprise,Australia,14.0,114.0,2,308,Late,0
Retail,Basic,USA,13.0,99.0,3,101,Failed,0
Healthcare,Pro,Germany,22.0,90.0,1,225,On_time,0
Technology,Pro,Germany,26.0,50.0,1,250,On_time,0
Retail,Pro,Sri lanka,7.0,103.0,0,233,On_time,0
Education,Enterprise,Australia,28.0,102.0,3,138,Late,0
Retail,Enterprise,Sri lanka,26.0,19.0,3,414,Failed,1
Finance,Pro,India,3.0,104.0,0,385,Late,0
Retail,Enterprise,Germany,39.0,32.0,2,79,Failed,1
Technology,Pro,Australia,1.0,55.0,2,370,On_time,0
Travel,Basic,Sri lanka,32.0,19.0,2,105,Late,0
Finance,Pro,USA,15.0,102.0,2,204,Failed,1
Technology,Basic,Germany,20.0,66.0,4,375,Late,0
Finance,Pro,USA,11.0,119.0,2,172,On_time,0
Technology,Pro,Germany,21.0,114.0,3,194,On_time,0
Technology,Basic,Sri lanka,25.0,7.0,3,337,Late,1
Education,Enterprise,Germany,9.0,3.0,3,45,On_time,1
Education,Enterprise,India,5.0,59.0,4,276,Failed,0
Technology,Enterprise,UK,13.0,48.0,0,144,On_time,0
Travel,Pro,UK,30.0,19.0,3,443,Failed,0
Travel,Enterprise,India,24.0,11.0,1,303,Failed,1
Retail,Pro,Sri lanka,4.0,105.0,1,474,Failed,1
Education,Pro,Sri lanka,22.0,90.0,2,216,Failed,0
Education,Enterprise,Germany,6.0,86.0,2,405,Late,0
Technology,Pro,India,18.0,27.0,2,451,Failed,1
Travel,Basic,Germany,19.0,73.0,3,144,On_time,0
Technology,Enterprise,India,12.0,3.0,0,354,On_time,1
Travel,Basic,UK,10.0,116.0,0,70,Late,0
Travel,Basic,Australia,10.0,17.0,1,366,Failed,1
Healthcare,Enterprise,Sri lanka,33.0,75.0,1,488,Failed,0
Technology,Basic,UK,16.0,103.0,3,247,Late,0
Education,Enterprise,USA,10.0,57.0,3,105,Failed,0
Technology,Pro,USA,29.0,16.0,0,450,Failed,0
Finance,Enterprise,UK,23.0,30.0,1,459,Late,0
Education,Enterprise,UK,24.0,113.0,4,115,Late,0
Finance,Pro,Australia,34.0,35.0,6,412,On_time,0
Technology,Basic,Sri lanka,1.0,69.0,0,417,Failed,1
Finance,Basic,UK,27.0,9.0,2,392,Late,0
Travel,Enterprise,Sri lanka,23.0,118.0,1,377,On_time,0
Healthcare,Enterprise,Germany,3.0,50.0,1,174,Late,0
Finance,Enterprise,Sri lanka,23.0,106.0,3,158,Late,0
Retail,Enterprise,India,39.0,19.0,2,152,Failed,0
Finance,Enterprise,Australia,14.0,82.0,4,408,Failed,0
Education,Basic,India,24.0,99.0,1,128,Failed,0
Retail,Enterprise,India,7.0,42.0,2,136,Late,0
Travel,Enterprise,India,12.0,54.0,2,440,On_time,0
Travel,Enterprise,India,32.0,79.0,2,164,On_time,0
Finance,Basic,Australia,10.0,97.0,3,170,Late,0
Travel,Pro,USA,1.0,97.0,2,364,On_time,0
Travel,Enterprise,Australia,1.0,26.0,2,291,Late,1
Finance,Pro,Australia,13.0,42.0,2,171,Failed,0
Technology,Enterprise,UK,13.0,75.0,1,268,Late,0
Retail,Basic,Australia,3.0,55.0,2,140,On_time,0
Technology,Enterprise,Germany,35.0,37.0,0,43,Late,0
Technology,Pro,India,38.0,26.0,1,294,On_time,0
Retail,Enterprise,India,28.0,7.0,3,24,On_time,1
Education,Pro,UK,,52.0,3,99,Failed,1
Retail,Enterprise,Australia,34.0,107.0,3,496,Late,0
Technology,Pro,Germany,25.0,47.0,1,319,Late,0
Retail,Basic,Sri lanka,38.0,20.0,1,66,On_time,0
Healthcare,Pro,Australia,8.0,51.0,0,314,Late,0
Retail,Pro,USA,14.0,69.0,1,375,Failed,0
Finance,Pro,Germany,33.0,81.0,3,293,Failed,0
Finance,Pro,Germany,9.0,110.0,4,292,Late,0
Retail,Basic,Sri lanka,3.0,61.0,0,152,Failed,0
Technology,Pro,Germany,32.0,89.0,1,362,On_time,0
Education,Pro,Sri lanka,12.0,34.0,1,209,Failed,0
Healthcare,Enterprise,Germany,5.0,63.0,2,49,On_time,0
Education,Enterprise,UK,26.0,81.0,3,267,Late,0
Healthcare,Enterprise,UK,18.0,13.0,5,148,On_time,0
Retail,Enterprise,USA,9.0,68.0,3,374,Failed,0
Retail,Enterprise,Sri lanka,33.0,58.0,5,305,Late,0
Retail,Basic,Sri lanka,32.0,36.0,3,358,Late,0
Travel,Basic,Australia,12.0,67.0,2,427,On_time,0
Travel,Pro,Germany,14.0,115.0,1,479,Failed,0
Finance,Enterprise,USA,11.0,39.0,3,156,Late,0
Finance,Enterprise,UK,,,0,296,Failed,1
Finance,Pro,India,33.0,103.0,0,423,Failed,0
Retail,Pro,Germany,22.0,77.0,1,177,On_time,0
Finance,Pro,Australia,33.0,44.0,2,56,Failed,1
Finance,Enterprise,Germany,29.0,75.0,1,206,Failed,0
Retail,Pro,Germany,38.0,115.0,2,32,Failed,1
Finance,Basic,UK,38.0,117.0,3,45,On_time,0
Finance,Enterprise,Australia,40.0,32.0,2,495,Failed,0
Retail,Pro,Sri lanka,22.0,60.0,1,41,On_time,0
Technology,Enterprise,USA,21.0,80.0,1,452,On_time,0
Retail,Basic,USA,21.0,49.0,1,425,On_time,0
Healthcare,Basic,India,18.0,21.0,5,428,Late,0
Finance,Enterprise,Germany,16.0,24.0,1,378,On_time,0
Finance,Basic,Germany,22.0,33.0,0,195,Failed,0
Healthcare,Basic,Australia,18.0,63.0,1,208,On_time,0
Retail,Pro,Sri lanka,36.0,83.0,4,273,Late,0
Technology,Pro,Germany,23.0,59.0,2,52,On_time,0
Travel,Enterprise,USA,3.0,28.0,0,466,Late,1
Finance,Pro,USA,37.0,86.0,2,244,Late,0
Retail,Pro,Sri lanka,21.0,65.0,0,374,Late,0
Healthcare,Enterprise,Australia,13.0,70.0,1,219,Late,0
Education,Enterprise,USA,3.0,5.0,1,358,Late,0
Education,Pro,USA,37.0,117.0,2,328,Late,0
Education,Pro,UK,6.0,7.0,4,134,Failed,0
Technology,Enterprise,India,13.0,32.0,0,437,Failed,0
Education,Enterprise,Germany,28.0,73.0,7,125,Late,0
Technology,Basic,USA,10.0,9.0,1,466,Failed,1
Finance,Basic,Australia,40.0,88.0,4,239,Late,0
Retail,Basic,Australia,1.0,105.0,2,376,Late,0
Healthcare,Pro,USA,16.0,34.0,2,201,Late,0
Retail,Pro,Sri lanka,35.0,47.0,2,59,On_time,0
Finance,Enterprise,USA,9.0,40.0,3,152,Late,0
Education,Pro,Australia,40.0,18.0,4,167,Late,0
Travel,Enterprise,Germany,21.0,90.0,3,233,On_time,0
Finance,Pro,India,3.0,83.0,1,385,Late,0
Technology,Pro,India,7.0,117.0,1,245,On_time,0
Retail,Basic,Sri lanka,26.0,60.0,2,489,Failed,0
Finance,Enterprise,UK,38.0,117.0,7,165,On_time,0
Finance,Enterprise,UK,7.0,87.0,3,172,Late,0
Technology,Pro,India,9.0,55.0,2,459,Late,0
Retail,Enterprise,UK,26.0,74.0,1,307,On_time,0
Finance,Basic,UK,24.0,107.0,3,478,Failed,0
Technology,Pro,Australia,39.0,66.0,3,160,Late,0
Healthcare,Pro,USA,14.0,96.0,4,493,Failed,0
Travel,Pro,Australia,32.0,30.0,6,49,On_time,0
Retail,Pro,USA,16.0,71.0,5,402,Failed,0
Healthcare,Enterprise,Australia,19.0,87.0,3,365,On_time,0
Healthcare,Enterprise,Germany,3.0,2.0,2,483,On_time,1
Education,Basic,India,37.0,102.0,1,388,Failed,1
Education,Pro,Germany,37.0,54.0,1,103,Late,0
Technology,Basic,Germany,36.0,77.0,2,50,Failed,1
Travel,Basic,Germany,37.0,37.0,5,291,On_time,0
Travel,Basic,Australia,34.0,84.0,2,139,On_time,0
Retail,Basic,India,35.0,75.0,2,418,Late,0
Technology,Basic,USA,38.0,50.0,1,171,Late,0
Retail,Pro,USA,1.0,106.0,0,421,Late,0
Travel,Enterprise,UK,26.0,29.0,1,180,On_time,0
Technology,Enterprise,USA,40.0,5.0,0,130,On_time,1
Retail,Enterprise,Australia,36.0,77.0,3,53,On_time,0
Retail,Basic,UK,12.0,19.0,3,452,Failed,0
Healthcare,Pro,UK,26.0,79.0,1,239,Late,0
Finance,Enterprise,Germany,4.0,19.0,1,153,Failed,0
Retail,Pro,UK,16.0,96.0,0,182,Late,0
Technology,Pro,Sri lanka,8.0,61.0,1,244,On_time,0
Travel,Pro,USA,39.0,88.0,5,369,Failed,0
Technology,Enterprise,USA,39.0,13.0,3,376,Failed,0
Finance,Pro,Australia,25.0,23.0,1,499,On_time,0
Healthcare,Pro,India,30.0,95.0,5,391,Late,0
Technology,Basic,Australia,3.0,83.0,0,405,Failed,1
Healthcare,Pro,UK,31.0,112.0,0,136,Late,0
Education,Basic,India,16.0,101.0,2,360,Failed,0
Retail,Enterprise,UK,36.0,64.0,3,470,Failed,0
Travel,Pro,India,27.0,66.0,3,315,Failed,0
Travel,Pro,Australia,19.0,83.0,1,366,Failed,0
Education,Basic,Germany,36.0,57.0,1,138,Late,0
Healthcare,Pro,UK,24.0,39.0,2,257,Late,0
Travel,Basic,Sri lanka,13.0,102.0,6,355,On_time,0
Finance,Pro,Australia,27.0,63.0,1,116,On_time,0
Retail,Basic,Sri lanka,32.0,9.0,4,95,On_time,1
Education,Enterprise,Sri lanka,4.0,57.0,4,139,On_time,1
Retail,Basic,Australia,15.0,113.0,1,73,Failed,0
Travel,Enterprise,USA,17.0,100.0,0,496,Failed,1
Travel,Enterprise,Sri lanka,22.0,75.0,2,417,On_time,0
Retail,Enterprise,Germany,18.0,38.0,2,385,Failed,1
Retail,Basic,Australia,3.0,63.0,1,362,Failed,1
Finance,Enterprise,Sri lanka,4.0,77.0,3,394,Late,0
Education,Basic,USA,10.0,77.0,1,405,On_time,0
Healthcare,Enterprise,UK,17.0,108.0,1,338,Failed,1
Healthcare,Pro,Sri lanka,5.0,25.0,1,112,Late,0
Healthcare,Enterprise,Australia,35.0,55.0,7,179,Failed,0
Retail,Enterprise,USA,23.0,75.0,5,51,On_time,0
Travel,Enterprise,Sri lanka,2.0,85.0,2,46,On_time,0
Technology,Basic,Australia,24.0,64.0,4,262,Late,0
Retail,Pro,India,9.0,21.0,3,237,Failed,1
Technology,Enterprise,Australia,40.0,80.0,6,415,On_time,0
Travel,Pro,Germany,6.0,71.0,1,40,Failed,0
Healthcare,Pro,Germany,8.0,64.0,2,261,On_time,0
Healthcare,Pro,USA,16.0,25.0,4,214,On_time,0
Travel,Enterprise,Australia,16.0,76.0,1,174,On_time,0
Education,Pro,Australia,39.0,107.0,3,273,Late,0
Travel,Enterprise,India,29.0,49.0,2,144,Late,0
Finance,Pro,USA,25.0,97.0,3,494,On_time,0
Travel,Enterprise,UK,25.0,68.0,2,97,Late,0
Travel,Pro,USA,22.0,85.0,1,200,Late,0
Healthcare,Basic,USA,4.0,74.0,1,451,Failed,1
Retail,Basic,Sri lanka,16.0,49.0,3,443,On_time,0
Travel,Pro,Germany,37.0,20.0,0,323,On_time,0
Finance,Basic,Germany,18.0,16.0,3,43,Late,0
Education,Pro,USA,23.0,87.0,1,72,Late,0
Retail,Enterprise,India,11.0,15.0,1,183,Failed,0
Education,Pro,India,28.0,23.0,3,209,On_time,0
Retail,Enterprise,Sri lanka,13.0,72.0,4,404,Late,0
Healthcare,Basic,Australia,36.0,55.0,7,62,Late,0
Finance,Basic,Germany,,114.0,0,328,On_time,0
Travel,Pro,UK,8.0,78.0,0,349,On_time,0
Education,Pro,USA,,71.0,3,482,Failed,0
Education,Enterprise,UK,2.0,118.0,3,378,On_time,1
Technology,Pro,Germany,28.0,17.0,4,341,Failed,0
Technology,Enterprise,Germany,18.0,28.0,3,423,Failed,1
Finance,Pro,USA,30.0,101.0,4,343,Late,0
Healthcare,Enterprise,Sri lanka,25.0,31.0,2,268,Failed,0
Finance,Pro,Sri lanka,26.0,61.0,2,200,On_time,0
Retail,Pro,USA,21.0,35.0,2,213,Failed,0
Retail,Pro,USA,32.0,15.0,0,487,Failed,0
Education,Pro,USA,10.0,88.0,2,309,On_time,0
Travel,Basic,Australia,40.0,11.0,2,301,Late,0
Education,Enterprise,Germany,9.0,9.0,1,78,On_time,0
Education,Enterprise,Australia,16.0,38.0,0,428,Failed,1
Education,Basic,USA,29.0,83.0,3,283,Failed,0
Finance,Pro,India,34.0,6.0,2,168,Late,0
Finance,Pro,India,12.0,113.0,0,210,Late,0
Healthcare,Pro,UK,6.0,53.0,4,23,Failed,0
Retail,Basic,Sri lanka,37.0,71.0,1,482,Failed,1
Retail,Enterprise,India,35.0,,0,246,On_time,0
Healthcare,Basic,USA,11.0,10.0,2,454,On_time,0
Education,Pro,Germany,5.0,112.0,0,31,Late,0
Travel,Enterprise,Germany,13.0,85.0,3,326,On_time,0
Travel,Basic,Australia,32.0,76.0,2,160,On_time,0
Technology,Enterprise,Germany,12.0,22.0,0,368,On_time,0
Retail,Enterprise,Sri lanka,13.0,99.0,3,174,On_time,0
Technology,Pro,UK,2.0,79.0,2,354,Late,0
Travel,Enterprise,Sri lanka,6.0,14.0,1,146,On_time,0
Technology,Pro,India,4.0,58.0,1,388,Failed,0
Travel,Pro,Sri lanka,40.0,15.0,0,279,Late,0
Technology,Pro,Australia,26.0,52.0,3,463,On_time,0
Technology,Pro,Sri lanka,29.0,117.0,2,426,Failed,1
Finance,Basic,India,40.0,85.0,2,394,Failed,1
Travel,Pro,USA,38.0,45.0,2,84,Failed,1
Finance,Pro,Germany,30.0,82.0,1,205,On_time,0
Healthcare,Pro,India,15.0,19.0,3,303,On_time,0
Retail,Basic,UK,20.0,35.0,2,485,Failed,0
Retail,Enterprise,USA,15.0,109.0,0,499,Late,0
Retail,Basic,Germany,40.0,91.0,1,193,On_time,0
Technology,Pro,Sri lanka,6.0,117.0,1,25,On_time,0
Travel,Enterprise,Australia,33.0,85.0,2,50,On_time,0
Travel,Enterprise,Germany,37.0,11.0,1,150,On_time,0
Education,Enterprise,Germany,38.0,54.0,2,277,On_time,0
Travel,Basic,Germany,16.0,94.0,2,222,Late,0
Healthcare,Enterprise,USA,24.0,82.0,2,494,Late,0
Travel,Basic,Australia,23.0,35.0,4,415,Late,0
Education,Enterprise,USA,29.0,70.0,3,28,Late,0
Travel,Basic,Sri lanka,22.0,4.0,3,136,Failed,0
Healthcare,Pro,UK,34.0,15.0,2,74,Late,0
Education,Basic,India,37.0,4.0,1,204,Failed,1
Retail,Basic,Germany,30.0,109.0,2,330,On_time,0
Retail,Enterprise,USA,28.0,93.0,3,170,Late,0
Retail,Basic,UK,20.0,84.0,2,290,Failed,0
Education,Enterprise,Germany,31.0,61.0,1,489,Late,0
Healthcare,Pro,Australia,16.0,42.0,3,388,Late,0
Healthcare,Enterprise,Germany,38.0,53.0,4,480,On_time,0
Technology,Enterprise,USA,26.0,35.0,1,226,On_time,0
Travel,Pro,USA,8.0,11.0,1,210,Late,0
Retail,Enterprise,Sri lanka,7.0,117.0,3,158,Failed,1
Healthcare,Pro,USA,6.0,85.0,0,243,Late,0
Education,Pro,India,,81.0,0,140,Failed,0
Technology,Pro,India,18.0,74.0,1,219,Late,0
Education,Enterprise,India,34.0,37.0,2,421,Failed,0
Finance,Enterprise,Australia,25.0,106.0,1,221,Late,0
Education,Enterprise,UK,3.0,53.0,4,477,Late,1
Travel,Enterprise,India,11.0,11.0,0,67,Failed,0
Healthcare,Enterprise,India,8.0,88.0,2,292,On_time,0
Healthcare,Pro,India,5.0,3.0,2,358,Failed,0
Education,Basic,Australia,21.0,80.0,2,383,Late,0
Retail,Pro,Germany,25.0,92.0,1,441,Failed,1
Education,Basic,UK,33.0,27.0,2,245,Failed,1
Education,Enterprise,UK,4.0,99.0,2,381,Late,0
Retail,Enterprise,Germany,25.0,33.0,4,344,Late,0
Technology,Enterprise,Germany,26.0,53.0,1,396,Late,0
Finance,Enterprise,USA,39.0,80.0,1,461,Failed,0
Finance,Enterprise,Germany,5.0,75.0,2,437,Failed,0
Healthcare,Pro,India,14.0,41.0,0,79,Failed,0
Healthcare,Basic,Sri lanka,11.0,11.0,0,235,Late,0
Technology,Enterprise,Germany,1.0,76.0,3,483,On_time,0
Retail,Pro,Australia,38.0,10.0,3,186,Failed,0
Travel,Pro,Sri lanka,10.0,71.0,3,353,On_time,0
Finance,Basic,USA,3.0,115.0,1,193,Late,0
Healthcare,Pro,Australia,35.0,26.0,2,91,Failed,1
Healthcare,Basic,Germany,19.0,90.0,3,331,Failed,1
Education,Basic,UK,24.0,110.0,2,343,On_time,0
Education,Pro,Australia,11.0,13.0,2,441,Late,0
Technology,Enterprise,Australia,3.0,113.0,2,172,On_time,1
Finance,Enterprise,USA,40.0,13.0,4,183,Failed,1
Education,Basic,Sri lanka,39.0,106.0,1,40,Late,0
Technology,Pro,Sri lanka,20.0,102.0,3,28,On_time,0
Technology,Pro,Germany,1.0,36.0,5,237,On_time,0
Education,Basic,Sri lanka,26.0,21.0,2,111,On_time,0
Healthcare,Pro,USA,12.0,11.0,1,239,Failed,1
Retail,Enterprise,Sri lanka,28.0,109.0,2,142,On_time,0
Education,Pro,USA,29.0,34.0,1,323,On_time,0
Travel,Pro,India,38.0,64.0,0,55,Late,0
Retail,Enterprise,India,15.0,70.0,1,74,Late,0
Retail,Basic,India,13.0,97.0,2,44,On_time,0
Retail,Pro,Australia,17.0,37.0,0,382,On_time,0
Technology,Pro,Australia,34.0,54.0,0,486,On_time,0
Education,Enterprise,Sri lanka,1.0,71.0,1,116,On_time,1
Healthcare,Enterprise,Germany,26.0,105.0,2,246,Late,0
Finance,Enterprise,Australia,20.0,24.0,4,116,Failed,0
Healthcare,Pro,Sri lanka,22.0,62.0,5,69,Failed,1
Healthcare,Basic,UK,10.0,103.0,1,358,On_time,0
Travel,Enterprise,Australia,5.0,94.0,2,316,Late,0
Travel,Pro,USA,13.0,29.0,1,151,On_time,0
Education,Enterprise,Germany,28.0,83.0,3,372,Late,0
Retail,Pro,USA,14.0,80.0,0,179,Late,0
Retail,Basic,Germany,27.0,35.0,4,258,Failed,0
Travel,Enterprise,UK,1.0,28.0,4,118,Late,1
Healthcare,Pro,Australia,26.0,69.0,5,286,Late,0
Finance,Basic,Sri lanka,,62.0,0,260,Failed,1
Healthcare,Enterprise,Australia,16.0,73.0,3,58,Late,0
Education,Pro,Germany,13.0,119.0,2,488,Late,0
Technology,Enterprise,India,10.0,41.0,1,175,Late,0
Healthcare,Enterprise,UK,2.0,51.0,3,253,On_time,0
Finance,Enterprise,USA,15.0,100.0,0,444,Late,0
Travel,Basic,India,12.0,119.0,1,383,On_time,0
Healthcare,Pro,Germany,20.0,23.0,3,212,Late,0
Education,Pro,India,12.0,19.0,1,255,Failed,1
Technology,Basic,Sri lanka,17.0,13.0,3,356,On_time,0
Technology,Pro,Sri lanka,,68.0,0,324,Late,0
Healthcare,Pro,UK,38.0,68.0,3,248,Failed,0
Healthcare,Enterprise,Australia,12.0,89.0,4,273,On_time,0
Retail,Enterprise,Germany,38.0,80.0,3,21,Failed,0
Education,Pro,USA,25.0,25.0,1,343,Late,0
Healthcare,Enterprise,Germany,5.0,69.0,2,36,Late,0
Travel,Pro,UK,35.0,82.0,2,408,On_time,0
Technology,Basic,Sri lanka,36.0,16.0,6,185,Failed,1
Education,Enterprise,Australia,38.0,107.0,0,39,Failed,0
Travel,Pro,Germany,35.0,87.0,3,258,On_time,0
Education,Enterprise,Germany,8.0,54.0,3,79,Failed,0
Technology,Enterprise,Germany,34.0,34.0,3,275,Failed,0
Travel,Basic,UK,12.0,88.0,2,140,On_time,0
Travel,Basic,Sri lanka,33.0,106.0,3,254,On_time,0
Technology,Basic,Germany,22.0,43.0,3,246,Late,0
Finance,Basic,UK,37.0,61.0,2,54,On_time,0
Education,Enterprise,India,3.0,98.0,1,187,On_time,1
Travel,Enterprise,Sri lanka,1.0,57.0,3,371,On_time,0
Travel,Enterprise,Germany,13.0,110.0,4,51,Late,0
Healthcare,Basic,USA,3.0,54.0,2,164,Failed,0
Healthcare,Basic,Germany,37.0,88.0,1,333,On_time,0
Travel,Pro,Australia,8.0,67.0,2,455,Failed,1
Healthcare,Basic,Australia,30.0,,3,230,Late,0
Travel,Enterprise,India,15.0,51.0,2,120,On_time,0
Healthcare,Basic,USA,1.0,19.0,4,361,On_time,1
Retail,Enterprise,Germany,23.0,108.0,4,127,On_time,0
Travel,Basic,Sri lanka,21.0,7.0,3,125,Failed,1
Healthcare,Enterprise,UK,19.0,36.0,1,224,Late,0
Healthcare,Basic,Sri lanka,28.0,49.0,4,195,Failed,0
Technology,Basic,USA,4.0,57.0,0,357,On_time,0
Education,Pro,UK,23.0,93.0,4,388,On_time,0
Finance,Pro,Sri lanka,32.0,105.0,1,356,Late,0
Finance,Basic,Germany,25.0,33.0,0,362,Late,0
Healthcare,Basic,USA,25.0,49.0,1,190,On_time,0
Education,Pro,Germany,29.0,16.0,3,245,On_time,0
Retail,Pro,Australia,33.0,15.0,3,257,Failed,1
Technology,Pro,India,4.0,72.0,4,253,Failed,1
Technology,Enterprise,Sri lanka,13.0,41.0,0,335,Late,0
Technology,Pro,Australia,32.0,45.0,3,56,Late,0
Healthcare,Basic,Germany,33.0,82.0,0,454,Failed,1
Education,Basic,Australia,32.0,106.0,2,167,On_time,0
Healthcare,Pro,Sri lanka,35.0,109.0,4,278,Failed,1
Healthcare,Enterprise,Germany,37.0,95.0,0,64,On_time,0
Healthcare,Pro,Australia,15.0,17.0,6,113,On_time,0
Education,Basic,Australia,38.0,5.0,1,390,Failed,1
Healthcare,Enterprise,Germany,21.0,59.0,0,402,Failed,1
Travel,Pro,Australia,,92.0,1,66,Failed,0
Retail,Basic,UK,35.0,87.0,3,42,On_time,0
Technology,Pro,USA,3.0,61.0,5,374,Failed,1
Technology,Basic,India,31.0,102.0,1,495,Failed,0
Healthcare,Basic,Sri lanka,5.0,30.0,3,154,Late,0
Finance,Pro,UK,23.0,75.0,0,27,Late,0
Finance,Enterprise,Germany,37.0,5.0,1,491,Failed,1
Travel,Basic,India,2.0,112.0,1,301,On_time,1
Technology,Enterprise,Australia,38.0,45.0,3,204,Failed,1
Finance,Basic,Sri lanka,32.0,62.0,2,443,On_time,0
Retail,Basic,India,31.0,37.0,2,141,Late,0
Education,Basic,Australia,19.0,43.0,3,38,On_time,0
Finance,Basic,Germany,20.0,93.0,3,456,Failed,0
Education,Pro,Sri lanka,35.0,100.0,2,69,Late,0
Finance,Basic,USA,29.0,5.0,4,405,On_time,0
Technology,Basic,UK,4.0,62.0,0,205,Failed,1
Retail,Enterprise,India,21.0,69.0,1,409,Failed,0
Healthcare,Enterprise,Sri lanka,16.0,87.0,3,294,On_time,0
Retail,Basic,India,12.0,109.0,1,39,Late,0
Travel,Basic,USA,31.0,9.0,1,186,Failed,1
Retail,Enterprise,India,37.0,29.0,0,256,Late,0
Retail,Pro,Australia,38.0,90.0,1,150,Failed,0
Finance,Basic,India,12.0,32.0,0,173,Failed,1
Education,Enterprise,Sri lanka,13.0,44.0,1,134,Late,0
Travel,Enterprise,India,19.0,35.0,2,207,Late,0
Finance,Pro,USA,31.0,3.0,2,118,Failed,0
Travel,Basic,Germany,21.0,1.0,2,465,On_time,1
Finance,Enterprise,USA,25.0,79.0,2,306,Late,0
Travel,Pro,Sri lanka,29.0,15.0,2,106,On_time,0
Healthcare,Pro,Germany,3.0,83.0,3,250,Late,1
Finance,Enterprise,UK,1.0,76.0,1,446,On_time,1
Finance,Enterprise,Germany,30.0,40.0,4,403,On_time,0
Healthcare,Pro,USA,23.0,62.0,1,436,Late,0
Finance,Pro,UK,13.0,63.0,3,370,On_time,0
Finance,Pro,India,5.0,114.0,1,40,Late,0
Technology,Basic,Sri lanka,3.0,48.0,3,449,Failed,1
Retail,Basic,India,9.0,49.0,6,264,On_time,1
Travel,Enterprise,Australia,40.0,95.0,2,433,Late,0
Technology,Enterprise,Germany,27.0,113.0,3,365,Failed,1
Technology,Pro,UK,21.0,9.0,0,340,On_time,0
Finance,Basic,Germany,6.0,1.0,2,192,Failed,1
Finance,Basic,India,40.0,95.0,3,308,Late,0
Education,Basic,Sri lanka,18.0,85.0,1,122,On_time,0
Retail,Basic,Australia,21.0,49.0,1,341,On_time,0
Finance,Enterprise,Germany,37.0,14.0,2,169,Failed,0
Retail,Pro,Sri lanka,17.0,80.0,2,150,Failed,0
Travel,Pro,Sri lanka,3.0,72.0,1,88,Late,0
Healthcare,Pro,Germany,28.0,15.0,3,73,Failed,1
Healthcare,Enterprise,India,4.0,85.0,1,105,On_time,0
Travel,Basic,Australia,1.0,89.0,4,266,On_time,1
Retail,Basic,Australia,25.0,117.0,1,419,On_time,0
Education,Enterprise,India,28.0,56.0,6,453,Late,0
Education,Basic,Australia,24.0,,3,129,Failed,0
Retail,Basic,Sri lanka,14.0,97.0,1,468,On_time,0
Technology,Enterprise,USA,11.0,6.0,2,202,Failed,0
Technology,Pro,UK,22.0,110.0,0,408,Late,0
Technology,Basic,Germany,35.0,25.0,2,357,On_time,0
Education,Enterprise,USA,2.0,116.0,1,320,On_time,1
Healthcare,Pro,India,8.0,58.0,2,116,Failed,0
Retail,Enterprise,Germany,1.0,12.0,2,106,On_time,1
Technology,Enterprise,USA,32.0,3.0,1,479,On_time,0
Education,Enterprise,Sri lanka,24.0,33.0,1,68,Late,0
Technology,Pro,India,30.0,72.0,3,236,On_time,0
Retail,Basic,Germany,28.0,21.0,2,198,On_time,0
Retail,Basic,UK,1.0,63.0,1,173,Late,1
Technology,Enterprise,USA,40.0,3.0,2,281,Late,0
Travel,Pro,Sri lanka,9.0,26.0,3,78,On_time,0
Education,Pro,UK,38.0,33.0,5,262,On_time,0
Technology,Basic,Sri lanka,29.0,99.0,0,232,Failed,0
Finance,Pro,Australia,34.0,59.0,2,178,Failed,0
Finance,Pro,UK,11.0,8.0,4,93,On_time,0
Travel,Basic,USA,8.0,106.0,2,61,On_time,0
Retail,Pro,USA,32.0,90.0,3,410,Failed,1
Travel,Basic,UK,,25.0,1,369,Failed,1
Education,Enterprise,India,29.0,41.0,0,455,Failed,0
Retail,Enterprise,India,23.0,81.0,2,57,Failed,1
Healthcare,Enterprise,USA,3.0,80.0,2,339,Failed,0
Finance,Enterprise,India,16.0,4.0,1,334,On_time,1
Healthcare,Enterprise,Germany,1.0,64.0,2,399,On_time,1
Retail,Enterprise,UK,7.0,14.0,2,122,Late,0
Healthcare,Basic,Germany,27.0,65.0,3,185,On_time,0
Retail,Pro,Australia,35.0,10.0,1,71,Late,0
Healthcare,Enterprise,India,22.0,111.0,1,87,On_time,0
Travel,Basic,India,5.0,83.0,2,344,Failed,1
Healthcare,Pro,UK,5.0,72.0,2,402,Failed,0
Healthcare,Pro,Germany,37.0,82.0,3,150,Late,0
Finance,Enterprise,Australia,12.0,23.0,2,460,Late,0
Education,Basic,Germany,29.0,70.0,2,158,Failed,0
Finance,Pro,India,25.0,58.0,3,118,Failed,0
Travel,Pro,Sri lanka,6.0,21.0,3,133,Late,0
Retail,Enterprise,Germany,2.0,100.0,3,193,On_time,0
Travel,Pro,Germany,13.0,45.0,0,491,On_time,0
Healthcare,Basic,Australia,27.0,65.0,4,492,On_time,0
Healthcare,Enterprise,India,25.0,114.0,2,46,Failed,0
Travel,Basic,India,,,3,171,On_time,0
Retail,Enterprise,UK,9.0,8.0,2,370,Late,0
Education,Pro,Australia,4.0,4.0,2,189,Failed,1
Education,Pro,UK,8.0,32.0,0,234,Failed,0
Technology,Enterprise,Sri lanka,5.0,114.0,1,253,On_time,0
Retail,Pro,India,38.0,59.0,2,325,On_time,0
Healthcare,Basic,USA,28.0,112.0,7,112,Late,0
Travel,Pro,USA,21.0,112.0,0,50,Failed,0
Travel,Pro,Germany,15.0,111.0,2,399,Failed,0
Technology,Enterprise,Sri lanka,5.0,48.0,3,110,Late,0
Technology,Pro,India,30.0,6.0,2,301,Late,1
Travel,Enterprise,UK,18.0,73.0,1,323,On_time,0
Travel,Enterprise,India,5.0,109.0,4,432,On_time,0
Finance,Basic,UK,14.0,51.0,2,425,On_time,0
Finance,Pro,UK,36.0,108.0,3,45,On_time,0
Travel,Enterprise,India,4.0,106.0,1,419,On_time,1
Technology,Pro,UK,5.0,61.0,0,383,Late,0
Healthcare,Pro,USA,27.0,1.0,2,52,On_time,0
Finance,Basic,Germany,31.0,77.0,3,267,Failed,1
Education,Enterprise,Sri lanka,29.0,30.0,0,122,Late,0
Travel,Enterprise,Germany,17.0,22.0,2,158,On_time,0
Travel,Basic,UK,17.0,32.0,1,300,Failed,0
Travel,Basic,Australia,28.0,40.0,1,61,Late,0
Retail,Basic,USA,39.0,2.0,0,128,Failed,1
Healthcare,Pro,Australia,32.0,83.0,2,263,Failed,0
Travel,Pro,Australia,14.0,111.0,1,472,On_time,0
Retail,Enterprise,Australia,13.0,80.0,5,209,Failed,0
Healthcare,Enterprise,Germany,27.0,98.0,0,180,On_time,0
Travel,Basic,USA,4.0,18.0,2,494,Late,0
Technology,Basic,UK,26.0,56.0,1,362,Failed,0
Travel,Basic,Australia,10.0,115.0,0,152,Failed,0
Retail,Pro,UK,9.0,43.0,1,188,Late,0
Retail,Basic,UK,26.0,18.0,0,449,Failed,0
Healthcare,Pro,Australia,36.0,90.0,3,374,On_time,0
Finance,Basic,UK,22.0,49.0,2,135,Failed,0
Finance,Basic,Germany,5.0,21.0,0,408,On_time,0
Travel,Enterprise,UK,21.0,61.0,3,441,On_time,0
Travel,Basic,UK,27.0,85.0,4,460,On_time,0
Finance,Basic,USA,19.0,91.0,2,470,Late,0
Finance,Enterprise,Australia,26.0,74.0,2,362,Late,0
Finance,Basic,Sri lanka,27.0,42.0,1,401,On_time,0
Technology,Pro,India,13.0,70.0,1,236,On_time,0
Travel,Enterprise,Sri lanka,39.0,68.0,3,72,On_time,0
Healthcare,Basic,India,24.0,10.0,1,55,On_time,0
Finance,Enterprise,Australia,23.0,27.0,0,137,On_time,0
Finance,Pro,UK,9.0,67.0,4,357,Late,0
Retail,Pro,Sri lanka,31.0,17.0,1,428,Failed,0
Travel,Pro,UK,38.0,38.0,0,262,Failed,0
Technology,Pro,India,29.0,104.0,1,362,Failed,0
Technology,Enterprise,Germany,8.0,47.0,1,318,Failed,0
Education,Enterprise,Sri lanka,24.0,103.0,3,406,Late,0
Finance,Pro,Sri lanka,16.0,79.0,2,278,On_time,0
Travel,Pro,Australia,9.0,70.0,1,261,Failed,0
Retail,Basic,India,17.0,49.0,3,475,On_time,0
Finance,Basic,UK,36.0,40.0,2,26,Failed,0
Travel,Basic,Australia,28.0,105.0,1,20,On_time,0
Healthcare,Pro,Germany,27.0,44.0,1,406,On_time,0
Education,Enterprise,Germany,30.0,1.0,3,180,Failed,0
Healthcare,Basic,USA,16.0,62.0,4,53,Late,0
Finance,Basic,Germany,38.0,90.0,1,397,Late,0
Education,Basic,India,35.0,42.0,4,471,Failed,0
Healthcare,Pro,India,4.0,48.0,2,425,Failed,0
Travel,Pro,USA,39.0,7.0,3,187,On_time,0
Finance,Enterprise,Germany,15.0,53.0,4,320,Late,0
Education,Basic,Germany,10.0,54.0,3,341,On_time,0
Retail,Basic,Sri lanka,15.0,115.0,2,420,On_time,0
Technology,Enterprise,Germany,26.0,22.0,3,235,On_time,0
Finance,Basic,Germany,8.0,90.0,1,489,Late,0
Retail,Enterprise,Sri lanka,9.0,67.0,1,368,Failed,1
Technology,Pro,Australia,3.0,41.0,4,229,On_time,0
Finance,Basic,Australia,13.0,36.0,1,83,Late,0
Healthcare,Pro,USA,,22.0,1,431,Failed,1
Technology,Enterprise,India,13.0,97.0,3,303,On_time,0
Retail,Pro,Australia,8.0,3.0,3,108,On_time,1
Healthcare,Basic,UK,17.0,59.0,0,47,On_time,0
Healthcare,Basic,USA,33.0,62.0,4,43,On_time,0
Finance,Basic,Australia,7.0,112.0,2,277,Late,0
Technology,Basic,UK,7.0,80.0,1,299,On_time,0
Education,Pro,USA,33.0,78.0,4,251,Late,0
Technology,Enterprise,USA,36.0,35.0,3,454,On_time,0
